id,name,numBooks,hometown,country
9355,Dean Koontz,464.0,"Everett, Pennsylvania",United States
8726,Richard Matheson,489.0,"Allendale, New Jersey",United States
108424,Patrick Rothfuss,61.0,"Madison, Wisconsin",United States
1351903,Colm Toibin,145.0,Enniscorthy,Ireland
36346,Jennifer Donnelly,25.0,,
33274,Mo Willems,140.0,New Orleans,United States
3095893,Stephanie Perkins,12.0,,
1278320,Shari Lapena,9.0,,
2546,Chuck Palahniuk,126.0,"Pasco, WA",United States
41313,Susan Elizabeth Phillips,36.0,,
8249,Anne Bronte,240.0,"Thornton, Yorkshire",United Kingdom
286311,Anne Bronte,,,
1330292,Maggie Stiefvater,45.0,,
7103,Steve Martin,54.0,"Waco, Texas",United States
1443712,Carrie Ryan,47.0,Greenville,Liberia
6417,James Clavell,87.0,"Sydney, New South Wales",Australia
1439,Malcolm Gladwell,69.0,"London, England",United Kingdom
1654,Terry Pratchett,435.0,"Beaconsfield, Buckinghamshire, England",United Kingdom
1221698,Neil Gaiman,1304.0,,
19823,Sylvia Day,78.0,Los Angeles,United States
196092,Patti Smith,100.0,"Chicago, Illinois",United States
3780,James Patterson,709.0,"Newburgh, New York",United States
2063919,Michael J. Sullivan,82.0,"Detroit, MI",United States
10289,Dennis Lehane,91.0,"Dorchester, Boston, Massachusetts",United States
776,Michael   Lewis,28.0,"New Orleans, Louisiana",United States
14989,Vince Flynn,47.0,"St. Paul, Minnesota",United States
26242,Harriet Beecher Stowe,570.0,"Litchfield, Connecticut",United States
6252,Robert Jordan,303.0,"Charleston, South Carolina",United States
346732,George R.R. Martin,956.0,"Bayonne, New Jersey",United States
3513,Christina Schwarz,13.0,,
3515,Ann-Marie MacDonald,9.0,Baden-Baden,Germany
7271073,Josh Malerman,44.0,Michigan,United States
9322,Edward Albee,110.0,Virginia,United States
3961,Alan Moore,911.0,"Northampton, England",United Kingdom
55409,Alan Moore,,,
61388,Tim Sale,261.0,"Ithaca, New York",United States
15890,Trudi Canavan,67.0,"Kew, Melbourne",Australia
1192311,Claudia Gray,44.0,,
6160,Sophie Kinsella,62.0,"London, England",United Kingdom
150038,Cassandra Clare,191.0,Teheran,Iran
8596,Tamora Pierce,82.0,"South Connellsville, Pennsylvania",United States
9212,Jennifer Weiner,47.0,,
274511,Will Schwalbe,4.0,New York,United States
23013,Edmund Morris,14.0,Nairobi,Kenya
13450,Gabriel Garcia Marquez,464.0,"Aracataca, Magdalena",Colombia
50060,Gregory Rabassa,58.0,"New York City, New York",United States
7902,Boris Pasternak,197.0,Moscow,Russia
923847,Boris Pasternak,,,
923848,Boris Pasternak,,,
21660,John Bayley,85.0,Lahore,Pakistan
24514,Brian K. Vaughan,581.0,"Cleveland, Ohio",United States
304633,Brian K. Vaughan,,,
14965,Garth Ennis,1485.0,Holywood,United Kingdom
33532,Garth Ennis,,,
58971,Joe R. Lansdale,619.0,"Gladewater, Texas ",United States
669810,Jeaniene Frost,45.0,,
3351454,Morgan Matson,9.0,,
15872,Rick Riordan,177.0,"San Antonio, Texas",United States
123463,Mary E. Pearson,35.0,,
375626,Lara Adrian,87.0,,
15905,Thomas Hardy,949.0,"Higher Bockhampton, Dorset, England",United Kingdom
261798,Thomas Hardy,,,
134559,Thomas Hardy,,,
566,Paulo Coelho,179.0,Rio de Janeiro,Brazil
1353301,V.C. Andrews,150.0,"Portsmouth, Virginia",United States
12942,Judy Blume,97.0,"Elizabeth, New Jersey",United States
6476625,Kylie Scott,35.0,,
3354,Haruki Murakami,415.0,Kyoto,Japan
403782,Haruki Murakami,,,
221559,Jeff Kinney,227.0,"Andrews Air Force Base, Maryland",United States
1315,Louisa May Alcott,1030.0,"Germantown, Pennsylvania",United States
262086,Lauren Barnholdt,70.0,,
16892,Michael Shaara,74.0,"Jersey City, New Jersey",United States
5217,George Bernard Shaw,599.0,Dublin,Ireland
5365396,Hajime Isayama,298.0,Ōita,Japan
3014566,Hajime Isayama,,,
3532,Maeve Binchy,175.0,"Dalkey, County Dublin",Ireland
5826838,Maeve Binchy,,,
5826837,Maeve Binchy,,,
21911,Melissa de la Cruz,100.0,,
6765,Virginia Woolf,728.0,"Kensington, Middlesex, England",United States
5293,Robert Ludlum,213.0,"New York, New York",United States
370361,Patrick Ness,36.0,"Fort Belvoir, Virginia",United States
3911856,Patrick Ness,,,
80760,Siobhan Dowd,18.0,London,United Kingdom
7136914,Ann Patchett,52.0,"Los Angeles, CA",United States
545,Neal Stephenson,84.0,"Fort Meade, MD",United States
17061,Charlaine Harris,172.0,"Tunica, Mississippi",United States
4372391,S.C. Stephens,26.0,,
3027554,Kiersten White,58.0,,
3371,Dave Eggers,234.0,"Boston, Massachusetts",United States
2894,Bernhard Schlink,59.0,Bielefeld,Germany
58512,Bernhard Schlink,,,
3534,Toni Morrison,178.0,"Lorain, Ohio",United States
767317,Aimee Carter,32.0,,
17054,Kim Harrison,61.0,Detroit,United States
3472,Margaret Atwood,371.0,"Ottawa, Ontario",Canada
27318,Jon Scieszka,165.0,"Flint, Michigan",United States
23573,Lane Smith,80.0,Tulsa,United States
4637539,Tahereh Mafi,25.0,,
1406384,John Green,43.0,Indianapolis,United States
11664,David Levithan,93.0,"Short Hills, New Jersey",United States
17623,D.H. Lawrence,846.0,"Eastwood, Nottinghamshire, England",United Kingdom
7728,Doris Lessing,281.0,Kermanshah,Iran
157127,Chester Brown,32.0,Montreal,Canada
7549,Elizabeth George Speare,17.0,"Melrose, Massachusetts",United States
625,Nora Roberts,868.0,"Silver Spring, Maryland",United States
3380908,Pittacus Lore,65.0,,
66216,Robert M. Edsel,8.0,,
565826,Robert M. Edsel,,,
2448,Arthur Conan Doyle,4664.0,"Edinburgh, Scotland",United Kingdom
403,Beverly Cleary,139.0,"McMinnville, Oregon",United States
2599,Edith Grossman,60.0,Philadelphia,United States
6343,Milan Kundera,122.0,Brno,Czechia
66349,Michael Henry Heim,48.0,"Manhattan, New York",United States
316,Alice Sebold,13.0,"Madison, Wisconsin",United States
2905297,Lauren Kate,47.0,,
38550,Brandon Sanderson,237.0,"Lincoln, Nebraska",United States
93094,John Layman,272.0,,
16658071,John Layman,,,
10538,Carl Sagan,39.0,New York,United States
5117,Art Spiegelman,104.0,Stockholm,Sweden
3377941,Rick Yancey,42.0,,
1373880,Kristin Cashore,8.0,,
17065,J.D. Robb,146.0,"Silver Spring, Maryland",United States
21618,Raina Telgemeier,39.0,San Francisco,United States
536204,Raina Telgemeier,,,
3843,Kenneth Grahame,350.0,"Edinburgh, Scotland",United Kingdom
3839,Gillian Avery,45.0,"Reigate, Surrey",United Kingdom
7581,Kelley Armstrong,236.0,,
235,Thomas Pynchon,43.0,"Glen Cove, Long Island, New York",United States
75091,Fred Gipson,25.0,"Mason, TX",United States
295178,Gayle Forman,18.0,,
4273,Roald Dahl,848.0,"Llandaff, Cardiff, Wales",United Kingdom
146,Quentin Blake,530.0,Sidcup,United Kingdom
2261547,Rachel Hawkins,21.0,,
155829,Jeanne Birdsall,14.0,,
3849415,Deborah Harkness,34.0,,
50873,L.J. Smith,170.0,"Fort Lauderdale, Florida",United States
3368,Audrey Wood,66.0,"Little Rock, Arkansas",United States
3363,Audrey Wood,,,
1411964,John le Carre,123.0,"Poole, Dorset, England",United Kingdom
4026,Pablo Neruda,390.0,Parral,Mexico
32513,W.S. Merwin,126.0,"New York City, New York",United States
15141,Cristina Garcia,39.0,Havana,Cuba
239579,Charles Dickens,4308.0,"Portsmouth, England",United Kingdom
227267,Charles Dickens,,,
3128534,Charles Dickens,,,
1265,Jane Austen,2461.0,"Steventon Rectory, Hampshire, England",United Kingdom
3500,Anna Quindlen,64.0,"Philadelphia, Pennsylvania",United States
16378912,Anna Quindlen,,,
14532,Anna Quindlen,,,
1244,Mark Twain,2758.0,"Florida, Missouri",United States
13771732,A.C. Bradley,21.0,Clapham,Canada
15258855,A.C. Bradley,,,
25422,Holly Black,149.0,New Jersey,United States
25421,Tony DiTerlizzi,49.0,Los Angeles,United States
29527,Charlotte Perkins Gilman,339.0,"Hartford, Connecticut",United States
223869,Elaine Hedges,10.0,,
53350,Howard Pyle,362.0,"Wilmington, Delaware",United States
12577,Douglas Preston,100.0,"Cambridge, Massachusetts",United States
11091,Lincoln Child,96.0,"Westport, Connecticut",United States
2001717,Daphne du Maurier,258.0,"London, United Kingdom of Great Britain and Ireland",Isle of Man
52956,Sally Beauman,24.0,"Devon, England",United Kingdom
4260,Diana Wynne Jones,117.0,"London, England",United Kingdom
5091,Lee Child,246.0,,
1318,Susan Beth Pfeffer,86.0,New York City,United States
1069006,C.S. Lewis,568.0,Belfast,United Kingdom
25523,Pauline Baynes,97.0,"Hove, Sussex",United Kingdom
26993,Pauline Baynes,,,
123715,Agatha Christie,2273.0,"Torquay, Devon, England",United Kingdom
9550,Laurell K. Hamilton,145.0,"Heber Springs, Arkansas",United States
179578,Sarah Blake,4.0,New York City,United States
524200,Sarah Blake,,,
15123,Carlo Collodi,236.0,Florence,Italy
7195,John Boyne,38.0,Dublin,Ireland
2450573,Monteiro Lobato,171.0,"Taubaté, São Paulo",Brazil
4699102,Unknown,162823.0,,
4379,Sylvia Plath,152.0,"Jamaica Plain, Massachusetts",United States
9987,Philippa Gregory,100.0,,
13275,Charles Bukowski,406.0,Andernach,Germany
4192148,James S.A. Corey,51.0,,
200317,Alyson Noel,60.0,Orange County,United States
9013543,Ruth Ware,13.0,,
4183574,Bryn Greenwood,5.0,,
16961,Linda Howard,175.0,Alabama,United States
5430144,Colleen Hoover,55.0,,
36746,Lemony Snicket,102.0,San Francisco,United States
44524,Brett Helquist,96.0,,
93345,Diane Chamberlain,47.0,,
4738,Alexander McCall Smith,328.0,,
14425604,B.A. Paris,10.0,,
16104262,Lew Wallace,93.0,"Brookville, Indiana",United States
874602,Ursula K. Le Guin,697.0,"Berkeley, California",United States
2966914,Ursula K. Le Guin,,,
52601,N.H. Kleinbaum,12.0,,
12980,Stephen R. Donaldson,72.0,"Cleveland, Ohio",United States
7577,Anne Rice,200.0,"New Orleans, Louisiana",United States
4443809,Thea Harrison,58.0,,
227717,Anna Dewdney,87.0,,
15873,Cornelia Funke,207.0,"Dorsten, North Rhine-Westphalia",Germany
25355,Anthea Bell,384.0,,
568999,Vera Brosgol,15.0,Moscow,Russia
7128,Jodi Picoult,72.0,"Nesconset, Long Island, New York,",United States
4414255,Kevin Hearne,65.0,,
1067608,Peter S. Beagle,183.0,New York,United States
205,Robert A. Heinlein,535.0,"Butler, MO",United States
5350,L.M. Montgomery,842.0,,
1413437,Elizabeth Gaskell,513.0,"Cheyne Walk, Chelsea, England",United Kingdom
206835,Elizabeth Gaskell,,,
90560,Pia Guerra,111.0,"Toronto, Ontario",Canada
1624574,Pia Guerra,,,
52926,Paul Chadwick,161.0,,
2965489,Jennifer Probst,69.0,,
40311,Piers Paul Read,33.0,"Beaconsfield, Buckinghamshire",United Kingdom
49177,Shannon Hale,73.0,"Salt Lake City, Utah",United States
3849945,Shannon Hale,,,
947,William Shakespeare,5204.0,"Stratford-upon-Avon, Warwickshire, England",United Kingdom
1370283,Brent Weeks,33.0,,
4039811,Veronica Roth,45.0,,
1742,Jack Kerouac,140.0,"Lowell, Massachusetts",United States
7314532,Sally Green,9.0,,
59542,Peter Benchley,38.0,"New York, New York",United States
3953,William Makepeace Thackeray,896.0,Calcutta,India
40229,John Carey,122.0,,
1025097,Patricia Cornwell,113.0,"Miami, Florida",United States
155717,Cheryl Strayed,22.0,,
10896,Eoin Colfer,161.0,Wexford,United States
1599723,Michael  Grant,56.0,Los Angeles,United States
21748,Ilona Andrews,82.0,,
65335,Michael Buckley,72.0,"Akron, Ohio",United States
65334,Michael Buckley,,,
1020792,Antoine de Saint-Exupery,429.0,Lyon,France
27112,Richard Howard,245.0,"Cleveland, Ohio",United States
4479191,Richard Howard,,,
5358171,Richard Howard,,,
4624490,Edgar Allan Poe,3435.0,"Boston, Massachusetts",United States
59390,Grace Lin,64.0,,
6331,Anne Perry,237.0,"Blackheath, London, England",United Kingdom
3493507,Anne Perry,,,
415985,Anne Perry,,,
8924,Lloyd Alexander,72.0,"Philadelphia, Pennsylvania",United States
939363,Caitlin Moran,15.0,Brighton,United Kingdom
93970,Sara Shepard,83.0,,
151371,Jenny Han,23.0,,
2936493,Lauren Oliver,50.0,"New York, New York",United States
457,Anne Tyler,67.0,"Minneapolis, Minnesota",United States
3433047,Sarah J. Maas,54.0,"New York, NY",United States
88506,Joe Hill,313.0,"Bangor, Maine",United States
3389,Stephen King,1653.0,"Portland, Maine",United States
10365,Dave McKean,240.0,Maidenhead,United Kingdom
79589,Alex Flinn,24.0,"Glen Cove, New York",United States
232932,Nikolai Gogol,743.0,,
6671,Nikolai Gogol,,,
281810,Jojo Moyes,57.0,"London, England",United Kingdom
46474,Patrick Carman,66.0,"Salem, Oregon",United States
16927,Dashiell Hammett,279.0,"St. Mary's County, Maryland",United States
2849,David Sedaris,66.0,"Binghamton, New York",United States
27861,Ian Falconer,34.0,Connecticut,United States
4280,Kazuo Ishiguro,44.0,Nagasaki,Japan
7350402,Amy Poehler,4.0,"Newton, MA",United States
904719,Jo Nesbo,104.0,Oslo,Norway
2737734,Jo Nesbo,,,
19753,Og Mandino,49.0,,
8050,Ira Levin,53.0,"The Bronx, New York City, New York",United States
2778055,Kurt Vonnegut Jr.,334.0,"Indianapolis, Indiana",United States
2942393,Kurt Vonnegut Jr.,,,
250909,Kurt Vonnegut Jr.,,,
5023,Jacqueline Winspear,37.0,,
153394,Suzanne Collins,32.0," Hartford, Connecticut",United States
4464118,Jamie McGuire,44.0,"Tulsa, Oklahoma",United States
36332,John Wyndham,201.0,,
33918,China Mieville,127.0,"Norwich, England",United Kingdom
7111,Walter Isaacson,51.0,"New Orleans, Louisiana",United States
7340907,Sui Ishida,73.0,Fukuoka,Japan
7370194,Sui Ishida,,,
2987,Sarah Dessen,44.0,Illinois,United States
13229,Julia Cameron,60.0,Illinois,United States
57983,Julia Cameron,,,
1077326,J.K. Rowling,242.0,"Yate, South Gloucestershire, England",United Kingdom
14877156,J.K. Rowling,,,
58,Frank Herbert,308.0,"Tacoma, Washington",United States
854076,Robert Louis Stevenson,2503.0,"Edinburgh, Scotland",United Kingdom
5152,Vladimir Nabokov,409.0,Saint Petersburg,Russia
22018,Mervyn Peake,77.0,,
16560,Dan Chaon,36.0,"Omaha,  Nebraska",United States
7341059,Sophia Amoruso,7.0,,
172551,Sophia Amoruso,,,
7906,Rainer Maria Rilke,736.0,Prague,Czechia
1597298,Rainer Maria Rilke,,,
652001,Rainer Maria Rilke,,,
62104,Skottie Young,362.0,"Fairbury, Illinois",United States
2493,Lois Lowry,92.0,"Oahu, Hawaii",United States
13370,Emily Giffin,19.0,"Baltimore, Maryland",United States
10746,Jim Butcher,167.0,"Independence, Missouri",United States
2995873,Julie Kagawa,66.0,,
13093,Muriel Spark,152.0,"Edinburgh, Scotland",United Kingdom
4343092,Amish Tripathi,15.0,,
28709,Chuck Dixon,1656.0,"Philadelphia, PA",United States
656983,J.R.R. Tolkien,357.0,"Bloemfontein, Mangaung, Free State",South Africa
42156,David Wenzel,107.0,,
150123,David Wenzel,,,
233,Don DeLillo,67.0,"Bronx, New York",United States
483588,Mariko Tamaki,134.0,Toronto ,Canada
634455,Jillian Tamaki,34.0,,
9068,Sidney Sheldon,145.0,"Chicago, Illinois",United States
10264,Henry David Thoreau,673.0,"Concord, Massachusetts",United States
7799,Nathaniel Hawthorne,1574.0,"Salem, Massachusetts",United States
7798,Nathaniel Hawthorne,,,
26480,Nina Baym,41.0,"Princeton, New Jersey",United States
957894,Albert Camus,436.0,Mondovi,Italy
5744,Stuart Gilbert,55.0,,
2435,Stuart Gilbert,,,
4012,Wilkie Collins,1003.0,"London, England",United Kingdom
5421,Carolyn G. Heilbrun,39.0,,
3095919,Kody Keplinger,12.0,"Owensboro, KY",United States
426944,T.H. White,73.0,Bombay,India
5300,Laura Ingalls Wilder,176.0,,
30916,Garth Williams,157.0,,
8178,Carl Hiaasen,65.0,"Miami, Florida",United States
16496,Richard K. Morgan,48.0,"London, England",United Kingdom
4684322,Marissa Meyer,44.0,,
15450,Virginia Lee Burton,22.0,"Newton Center, Massachusetts",United States
38120,Brian Selznick,59.0,"East Brunswick, New Jersey",United States
2751,Bret Easton Ellis,20.0,"Los Angeles, California",United States
4037220,Miguel de Cervantes Saavedra,743.0,Alcalá de Henares,Spain
69766,Miguel de Cervantes Saavedra,,,
492304,Miguel de Cervantes Saavedra,,,
941441,Stephenie Meyer,68.0,Connecticut,United States
2884275,Ree Drummond,39.0,,
4208569,Rainbow Rowell,67.0,"Omaha, Nebraska",United States
4859212,R.J. Palacio,27.0,,
15151,Zora Neale Hurston,109.0,"Notasulga, Alabama",United States
2526,Libba Bray,43.0,"Montgomery, Alabama",United States
296961,Paul Auster,186.0,"Newark, New Jersey ",United States
2578,Jonathan Franzen,62.0,"Chicago, Illinois",United States
10482,Jeff Lindsay,73.0,,
3041100,Andrea Cremer,16.0,,
51204,Alastair Reynolds,210.0,"Barry, Wales",United Kingdom
2345,Nicholas Sparks,114.0,"Omaha, Nebraska",United States
298438,Kerstin Gier,46.0,Bergisch Gladbach,Germany
554069,Steve Parkhouse,121.0,,
12726,Steve Parkhouse,,,
10224,Steve Parkhouse,,,
7271,Steve Parkhouse,,,
52930,Steve Parkhouse,,,
321799,Steve Parkhouse,,,
10366,Clive Barker,417.0,Liverpool,United Kingdom
6555784,Jim Gaffigan,8.0,"Elgin, Illinois",United States
52989,Julie Anne Peters,29.0,"Jamestown, New York",United States
4074051,Rae Carson,22.0,,
585,John Steinbeck,371.0,"Salinas Valley, California",United States
274533,Simone Elkeles,20.0,"Chicago, IL",United States
8075577,Rupi Kaur,8.0,,
6568302,Heidi McLaughlin,71.0,Portland,Jamaica
70993,Michael Bond,353.0,"Newbury, Berkshire, England",United Kingdom
574514,Michael Bond,,,
21346,David Shannon,112.0,"Washington, D.C.",United States
1036615,Charlotte Bronte,634.0,"Thornton, Yorkshire, England",United Kingdom
1169504,A.S. Byatt,145.0,"Sheffield, Yorkshire",United Kingdom
5237086,A.S. Byatt,,,
27003,A.S. Byatt,,,
22996,Frederik Pohl,641.0,New York City,United States
4826,Frances Mayes,39.0,"Fitzgerald, Georgia",United States
16881,Peter Ackroyd,147.0,"East Acton, London",United Kingdom
75548,Ed Glinert,16.0,,
2331,Mitch Albom,53.0,"Passaic, New Jersey",United States
8253,Stevie Davies,37.0,Morriston,United Kingdom
1226977,Paolo Bacigalupi,101.0,,
3505,Wally Lamb,12.0,"Norwich, Connecticut",United States
3524,Joyce Carol Oates,652.0,"Lockport, New York",United States
29574,Seamus Heaney,201.0,Castledawson,United Kingdom
639,Lee Strobel,123.0,"Arlington Heights, Illinois",United States
306,William Golding,84.0,"St. Columb Minor, Cornwall",United Kingdom
117786,Lily King,13.0,,
674079,Lily King,,,
93125,Lily King,,,
9785,Andre Dubus III,20.0,"Oceanside, CA",United States
6439440,Marieke Nijkamp,13.0,,
17216,Peter Lerangis,121.0,"Brooklyn, New York ",United States
6378,Hans Christian Andersen,2423.0,Odense,Denmark
70868,Jerry Pinkney,16.0,"Philadelphia, Pennsylvania",United States
9640,Karen Cushman,21.0,"Chicago, Illinois",United States
48192,Gena Showalter,186.0,Florida,United States
4785,Alexandre Dumas,3047.0,"Villers-Cotterêts, Aisne",France
224319,Alexandre Dumas,,,
322069,Liane Moriarty,27.0,Sydney,Australia
1251730,Matthew Quick,8.0,Philadelphia,United States
2985039,Austin Kleon,5.0,,
5329,Brian Jacques,124.0,Liverpool,United Kingdom
8080,Michael Morpurgo,238.0,"St Albans, Hertfordshire",United Kingdom
5223,Franz Kafka,1411.0,,
162942,Franz Kafka,,,
6442627,Franz Kafka,,,
15811071,Franz Kafka,,,
11912,Jude Watson,103.0,Brooklyn NY,United States
11593,Beatrix Potter,1411.0,"Kensington, London, England",United Kingdom
25334,Sarah Waters,30.0,"Neyland, Pembrokeshire, Wales",United Kingdom
12540,Robert Bloch,753.0,"Chicago, Illinois",United States
12534,Larry Niven,470.0,"Los Angeles, California",United States
39099,Jerry Pournelle,189.0,"Shreveport, Louisiana",United States
12470,Michael Connelly,266.0,"Philadelphia, Pennsylvania",United States
36122,Patricia C. Wrede,53.0,Chicago,United States
268524,Peter de Seve,18.0,"Queens, New York",United States
176372,Madeline Miller,8.0,Boston,United States
786925,Jan-Philipp Sendker,17.0,Hamburg,Germany
7061278,Jan-Philipp Sendker,,,
1063732,Paula Hawkins,9.0,,
3362,Eric Carle,318.0,"Syracuse, New York",United States
10039,John Fowles,78.0,Leigh-on-Sea in Essex,United Kingdom
16,Edith Wharton,903.0,"New York City, NY",United States
1624,Herman Melville,1011.0,"New York City, New York",United States
1304470,Ally Condie,24.0,,
3190,F. Scott Fitzgerald,645.0,"St. Paul, Minnesota",United States
16667,Isaac Asimov,2771.0,Petrovichi,Russia
3617,Diana Gabaldon,111.0,Arizona,United States
3960,Diana Gabaldon,,,
2188726,Sarah Ockler,6.0,,
14144506,Sarah Andersen,13.0,,
87184,Laura Joffe Numeroff,100.0,"Brooklyn, New York",United States
42436,Felicia Bond,63.0,Yokohama,Japan
8734,Dorothy L. Sayers,349.0,"Oxford, England",United Kingdom
4370,Elizabeth Wurtzel,6.0,"New York, New York",United States
767547,Lisa McMann,42.0,"Holland, Michigan",United States
6900,Thomas Keneally,106.0,"Sydney, New South Wales",Australia
6569,Louis Sachar,62.0,"East Meadow, New York",United States
50418,Louis Sachar,,,
26,Anne McCaffrey,360.0,"Cambridge, Massachusetts",United States
12696,Jerry Spinelli,82.0,"Norristown, PA",United States
6466154,Kahlil Gibran,694.0,Bsharri,Lebanon
146374,Joseph Delaney,40.0,Preston,United Kingdom
660076,Joseph Delaney,,,
1881,Dave Pelzer,51.0,"Daly City, California",United States
25838,Sam McBratney,157.0,"Belfast, Northern Ireland",United Kingdom
63392,Anita Jeram,84.0,,
6561846,Drew Daywalt,21.0,,
173545,Oliver Jeffers,51.0,Belfast,United Kingdom
12425,Robert Kirkman,1569.0,"Richmond, Kentucky",United States
16965,Robert Kirkman,,,
3064305,Hugh Howey,118.0,"Charlotte, NC",United States
2093764,Eleanor Catton,9.0,London,United Kingdom
23510,Upton Sinclair,236.0,"Baltimore, Maryland",United States
277396,Upton Sinclair,,,
4404914,Upton Sinclair,,,
439887,Kieron Gillen,861.0,,
221821,Jamie McKelvie,199.0,,
705826,Jamie McKelvie,,,
6523626,Jamie McKelvie,,,
34049,John Flanagan,80.0,Sydney,Australia
14558709,Gail Honeyman,3.0,"Stirling, Scotland",United Kingdom
1405152,Peter V. Brett,43.0,New Rochelle,United States
20357,Chelsea Handler,12.0,"Livingston, New Jersey",United States
5770323,Chelsea Handler,,,
5770324,Chelsea Handler,,,
124109,Chelsea Handler,,,
5770325,Chelsea Handler,,,
4495084,Chelsea Handler,,,
5770326,Chelsea Handler,,,
5770327,Josh Wolf,3.0,,
5770328,Josh Wolf,,,
5770329,Josh Wolf,,,
140486,Josh Wolf,,,
5770330,Josh Wolf,,,
3102809,Josh Wolf,,,
4852882,Sarah Colonna,3.0,Wiesbaden,Germany
1109606,'Hlm mstGnmy,11.0,Tunis ,Tunisia
2993185,Ahlam Mosteghanemi,14.0,Tunis,Tunisia
32594,Jeph Loeb,753.0,"Stamford, Connecticut",United States
15090,Jim Lee,633.0,Seoul,South Korea
5763607,Jim Lee,,,
162369,Jim Lee,,,
93215,Richard Starkings,379.0,,
2384,Janet Evanovich,125.0,"South River, New Jersey",United States
7353006,Nicola Yoon,13.0,,
11072,Daniel Keyes,71.0,"Brooklyn, New York",United States
4917067,Colleen McCullough,90.0,"Wellington, New South Wales",Australia
10296,Kelley Jones,297.0,Sacramento,United States
10763,Charles Vess,144.0,"Lynchburg, VA",United States
24604,Colleen Doran,183.0,Cashton (Wisconsin),United States
5279,Steve Erickson,39.0,Los Angeles,United States
330166,Steve Erickson,,,
264213,Bryan Talbot,160.0,,
61983,George Pratt,71.0,"Beaumont, Texas",United States
430044,George Pratt,,,
81221,George Pratt,,,
3290920,Cynthia Hand,18.0,"Boise, Idaho",United States
61939,Mark Cotta Vaz,61.0,San Francisco (California),United States
2960227,Robin Sloan,13.0,,
348878,James Dashner,55.0,,
11654,Meg Cabot,134.0,"Bloomington, Indiana",United States
4907787,Rebecca Donovan,14.0,,
3541,Barbara Kingsolver,61.0,"Annapolis, Maryland",United States
375143,Larissa Ione,70.0,,
38809,James Rollins,88.0,"Chicago, IL",United States
7995,James A. Michener,150.0,"New York, New York",United States
4476934,Jennifer L. Armentrout,97.0,Martinsburg,United States
194243,Louise Penny,43.0,Toronto,Canada
4279785,Wendy Higgins,18.0,,
251395,Wendy Higgins,,,
153464,Wendy Higgins,,,
47672,Trenton Lee Stewart,15.0,,
428566,Carson Ellis,28.0,Vancouver,Canada
27847,Lisa Kleypas,82.0,Texas,United States
3408349,Lili St. Crow,14.0,,
131208,Lilith Saintcrow,103.0,,
6521173,Jasinda Wilder,112.0,"Detroit, MI",United States
4841310,Benjamin Alire Saenz,36.0,,
27276,Robert Charles Wilson,78.0,"Whittier, California",United States
2938140,Jacob Grimm,2389.0,"Hanau, Hesse-Kassel",Germany
2938141,Wilhelm Grimm,1633.0,"Hanau, Hesse-Kassel",Germany
283944,Wilhelm Grimm,,,
2726692,Padraic Colum,106.0,Longford,Ireland
20105,Joseph Campbell,197.0,"White Plains, NY",United States
4025890,Joseph Campbell,,,
778357,Joseph Campbell,,,
19316,Peter Mayle,95.0,"Brighton, England",United Kingdom
6521646,Therese Anne Fowler,8.0,,
4126827,Michelle Hodkin,10.0,"Miami, Florida",United States
815259,G. Willow Wilson,236.0,New Jersey,United States
4978,G. Willow Wilson,,,
5780686,Liu Cixin,63.0,Beijing,China
2917920,Ken Liu,390.0,,
9996,Richard   Preston,16.0,Massachusetts,United States
131683,Edward Eager,18.0,"Toledo, Ohio",United States
385574,Edward Eager,,,
4470653,S.J. Watson,6.0,,
6104,Marian Keyes,56.0,Limerick,Ireland
54493,Kristin Hannah,78.0,Southern California,United States
1013883,Kristin Hannah,,,
9494,H.P. Lovecraft,2456.0,"Providence, Rhode Island",United States
20598,August Derleth,436.0,"Sauk City, Wisconsin",United States
7550235,Danny Sugerman,10.0,"Los Angeles, California",United States
64277,Jerry Hopkins,52.0,"Camden, New Jersey",United States
28707,Sue Townsend,65.0,Leicester,United Kingdom
5194,Michael Crichton,116.0,"Chicago, Illinois",United States
164127,Yoshiki Nakamura,97.0,Tokushima Prefecture,Japan
1411091,Yoshiki Nakamura,,,
1588088,Maria Semple,6.0,Santa Monica,United States
97313,Elizabeth Strout,33.0,"Portland, Maine",United States
3406550,Josephine Angelini,16.0,"Ashland, Massachusetts",United States
3343,W. Chan Kim,20.0,,
3342,W. Chan Kim,,,
8730,Naomi Novik,51.0,New York,United States
4887264,Nicole  Williams,43.0,"Spokane, WA",United States
20248,J.R. Ward,123.0,,
169609,J.R. Ward,,,
215818,J.R. Ward,,,
6459302,J. Kenner,114.0,,
415967,Rachel Vincent,54.0,,
10074,Ellen Raskin,16.0,"Milwaukee, Wisconsin",United States
4841825,Marion Zimmer Bradley,413.0,,
4057,Karen Hesse,31.0,"Baltimore, Maryland",United States
7177350,M.R. Carey,17.0,Liverpool,United Kingdom
1630,Ray Bradbury,589.0,"Waukegan, Illinois",United States
4637369,Veronica Rossi,15.0,Rio de Janeiro,Brazil
569269,Jay Asher,6.0,"Arcadia, California",United States
27621,Carolyn Mackler,20.0,New York,United States
630,Dan Brown,76.0,"Exeter, New Hampshire",United States
14151,Craig Thompson,59.0,"Traverse City, Michigan",United States
45922,Lionel Shriver,29.0,"Gastonia, North Carolina",United States
3706,George Orwell,394.0,"Motihari, Bihar",India
3956,Christopher Hitchens,140.0,"Portsmouth, England",United Kingdom
8788,Erich Fromm,266.0,Frankfurt am Main,Germany
6810,Wilson Rawls,11.0,"Scraper, Oklahoma",United States
2958084,Kristen Ashley,111.0,"Gary, Indiana",United States
5244478,Robert McCammon,107.0,"Birmingham, Alabama",United States
5434809,Kirsty Moseley,21.0,Hertfordshire,United Kingdom
3137322,Fyodor Dostoyevsky,1492.0,Moscow,Russia
3357,Fyodor Dostoyevsky,,,
3358,Fyodor Dostoyevsky,,,
17015,P.C. Cast,105.0,,
17010,Kristin Cast,64.0,,
1633682,'Hmd mrd,6.0,القاهرة,Egypt
875661,Jalaluddin Mevlana Rumi,759.0,Balkh,Afghanistan
37990,Jalaluddin Mevlana Rumi,,,
2383,Gillian Flynn,15.0,"Kansas City, MO",United States
62561,Rex Gibson,58.0,,
209528,Rex Gibson,,,
24758,Rex Gibson,,,
9226,William Gibson,168.0,"Conway, South Carolina",United States
12833,Irving Stone,74.0,"San Francisco, California",United States
7159937,Irving Stone,,,
569383,Irving Stone,,,
8140,Irving Stone,,,
4919495,Chris Colfer,25.0,"Clovis, California",United States
2086916,Chris Colfer,,,
69892,Chris Colfer,,,
377462,Chris Colfer,,,
11328,Joseph Frank,43.0,"New York, NY",United States
7945,Joseph Frank,,,
120341,Esphyr Slobodkina,13.0,,
4725841,E.L. James,23.0,London,United Kingdom
6984726,Allie Brosh,3.0,,
13007,Allie Brosh,,,
13006,Allie Brosh,,,
13004,Allie Brosh,,,
5544,Frank E. Peretti,76.0,,
164692,Celeste Ng,12.0,,
4030,Michael Ondaatje,72.0,Colombo,Sri Lanka
74046,D.J. MacHale,62.0,,
25307,Robin Hobb,257.0,California,United States
38954,Shaun Tan,79.0,"Fremantle, Western Australia",Australia
432859,Jennifer Brown,93.0,,
33949,Francine du Plessix Gray,21.0,Warsaw,Poland
10749,Francine du Plessix Gray,,,
276660,Joe Abercrombie,58.0,"Lancaster, England",United Kingdom
4562483,Sylvain Reynard,13.0,,
31232,Steven Erikson,116.0,Toronto,Canada
53259,Stella Gibbons,44.0,London,United Kingdom
5571,Lynne Truss,86.0,"Kingston upon Thames, England",United Kingdom
56952,Roz Chast,57.0,,
27069,Richard Yates,30.0,"Yonkers, New York",United States
48206,Karen Marie Moning,32.0,"Cincinnati, Ohio",United States
2929,Nick Hornby,74.0,"Redhill, Surrey, England",United Kingdom
2327917,Betty  Smith,13.0,"Brooklyn, NY",United States
4711,Sue Monk Kidd,27.0,"Sylvester, Georgia",United States
4415,Candace Bushnell,28.0,"Glastonbury, Connecticut",United States
9678,Ann Rule,67.0,"Lowell, Michigan",United States
2917917,N.K. Jemisin,84.0,,
5934418,Monica  Murphy,60.0,,
2096360,Aprilynne Pike,42.0,"Salt Lake City, Utah",United States
488758,Aprilynne Pike,,,
7625163,Tim LaHaye,294.0,"Detroit, Michigan",United States
15412,Jerry B. Jenkins,365.0,"Kalamazoo, Michigan",United States
3299,Salman Rushdie,123.0,Bombay,India
8987,Theodore Dreiser,284.0,"Terre Haute, Indiana",United States
151359,Theodore Dreiser,,,
988142,E.B. White,54.0,"Mount Vernon, NY",United States
61382,Matt Fraction,531.0,Chicago,United States
61385,Matt Fraction,,,
205814,Matt Fraction,,,
29683,Matt Fraction,,,
92897,Chris Eliopoulos,308.0,,
15089,Alan Davis,593.0,Corby (England),United Kingdom
1953433,Richard Castle,27.0,,
8316649,Zoe Sugg,9.0,"Lacock, Wiltshire",United Kingdom
581557,Siobhan Curham,22.0,,
5687,Irvine Welsh,88.0,"Leith, Scotland",United Kingdom
5735,Anthony Burgess,173.0,"Harpurhey, England",United Kingdom
7308,Susan Cooper,64.0,"Burnham, Buckinghamshire",United Kingdom
345630,Carrie Jones,18.0,"Manchester, NH",United States
28024,Robert James Waller,22.0,"Rockford, Iowa",United States
7717,Richard Adams,49.0,"Newbury, Berkshire, England",United Kingdom
811,Yann Martel,25.0,Salamanca,Spain
194531,Garth Stein,19.0,,
3618,Philip Pullman,149.0,"Norwich, Norfolk, England",United Kingdom
16218,Christopher Moore,34.0,"Toledo, Ohio",United States
74640,Jacqueline Woodson,75.0,"Columbus, Ohio",United States
7116,Cecelia Ahern,69.0,Dublin,Ireland
805184,Jennifer E. Smith,15.0,"Chicago, IL",United States
3365457,Ann Leckie,50.0,,
4487674,Moira Young,9.0,,
1429989,Richard Feynman,137.0,"Far Rockaway, Queens, New York",United States
7056140,Laurelin Paige,76.0,,
25002,Laurelin Paige,,,
445303,Maria V. Snyder,59.0,"Philadelphia, Pennsylvania",United States
615274,Kate Morton,20.0,Berri,Armenia
5627,Anthony Robbins,131.0,"Glendora, California",United States
14545796,Tony Robbins,36.0,,
488518,Frederick L. Covan,2.0,,
2988406,Yana Toboso,109.0,"Warabi, Saitama Prefecture",Japan
63650,Robert Dugoni,33.0,,
32595,Koushun Takami,38.0,,
8486,Koushun Takami,,,
608211,Robin A.H. Waterfield,99.0,,
721,John Grisham,243.0,"Jonesboro, Arkansas",United States
8588,Raymond E. Feist,150.0,"Los Angeles, California",United States
157779,Wallace Stegner,101.0,"Lake Mills, Iowa",United States
6535659,Cora Carmack,22.0,,
2987125,Kiera Cass,36.0,,
571131,Eleanor Brown,9.0,,
23821,Eleanor Estes,26.0,"West Haven, Connecticut",United States
169833,Eleanor Estes,,,
56224,Ally Carter,35.0,,
4062698,Olivia Cunning,57.0,,
5363257,Julianne Donaldson,6.0,,
3080,Judith Viorst,69.0,"Newark, New Jersey",United States
135834,Judith Viorst,,,
11672,Ned Vizzini,22.0,"Brooklyn, New York",United States
3486415,Amanda Hocking,62.0,"Austin, Minnesota",United States
696372,Alexandra Adornetto,10.0,"Melbourne, Victoria",Australia
5858,Richard Bachman,19.0,"Portland, Maine",United States
3447947,Emily Carroll,44.0,London,United Kingdom
1641,Nathaniel Philbrick,30.0,Boston,United States
45539,Keith Richards,82.0,"Dartford, Kent, England",United Kingdom
203238,Jennifer Echols,25.0,,
88301,Elin Hilderbrand,53.0,,
2751991,Gabriel Rodriguez,179.0,Santiago,Chile
6887314,Noelle Stevenson,35.0,"Columbia, South Carolina",United States
8202497,Grace Ellis,45.0,,
304640,Grace Ellis,,,
3335762,Grace Ellis,,,
6928546,Shannon Watters,113.0,,
8421036,Shannon Watters,,,
288119,Brooke Allen,24.0,,
9836416,Carolyn Nowak,36.0,,
5481957,Various,68062.0,,
8504554,Various,,,
1825,Harper Lee,8.0,"Monroeville, Alabama",United States
35634,Gennifer Choldenko,21.0,"Santa Monica, CA",United States
13388,Shirley Jackson,227.0,"San Francisco, California",United States
5145460,Shirley Jackson,,,
4430,Sherrilyn Kenyon,201.0,Ft. Benning,United States
5989,Jane Yolen,816.0,"New York, New York",United States
7285,Ken Kesey,39.0,"La Junta, Colorado",United States
29535,Octavia E. Butler,78.0,"Pasadena, California",United States
8347,Garth Nix,167.0,Melbourne,Australia
5106204,Garth Nix,,,
2617,Jonathan Safran Foer,53.0,"Washington, D.C.",United States
14617,Margaret Peterson Haddix,73.0,Washington Court House,United States
16244,John Bunyan,422.0,"Bedford, Elstow, England",United Kingdom
33907,Scott McCloud,55.0,"Boston, Massachusetts",United States
3046613,Ransom Riggs,42.0,,
3530,Anita Shreve,37.0,"Dedham, Massachusetts",United States
32590,Anthony Horowitz,177.0,"Stanmore, Middlesex",United Kingdom
13974,Mark Z. Danielewski,13.0,New York,United States
3317,Dale Carnegie,263.0,"Maryville, Missouri",United States
21982,Alison Bechdel,48.0,,
61707,Linda Sue Park,49.0,"Urbana, Illinois",United States
6914204,Robin LaFevers,8.0,,
401,Robert M. Pirsig,6.0,"Minneapolis, MN",United States
843200,Oliver Sacks,78.0,London,United Kingdom
3352,Jerome K. Jerome,209.0,,
1023510,R.A. Salvatore,333.0,Leominster,United States
93351,Michelle Magorian,22.0,Portsmouth,Dominica
263994,Michelle Magorian,,,
1287453,Michelle Magorian,,,
287960,Randy Pausch,3.0,,
678030,Jeffrey Zaslow,23.0,,
8994,Burton Raffel,102.0,New York City,United States
1806321,Burton Raffel,,,
5951,Jeff Smith,215.0,"McKees Rocks, Pennsylvania",United States
166029,Jeff Smith,,,
1448,Karen Joy Fowler,136.0,"Bloomington, Indiana",United States
1240,Jack London,2042.0,"San Francisco, California",United States
153734,Ellen Schreiber,40.0,,
153732,Matsuri Hino,76.0,"Sapporo, Hokkaido",Japan
134408,Peter Heller,17.0,"New York City, New York",United States
157663,Angie Sage,108.0,"Thames Valley, England",United Kingdom
619712,Angie Sage,,,
40648,Ellen DeGeneres,11.0,"Metairie, Louisiana",United States
4872191,Abbi Glines,89.0,"Birmingham, Alabama",United States
2041,Frances Hodgson Burnett,579.0,"Cheetham Hill, Manchester, England",United Kingdom
2891665,Gail Carriger,47.0,San Francisco,United States
106,Madeleine L'Engle,133.0,"New York City, New York",United States
14031516,Fiona Barton,8.0,"Cambridge, England",United Kingdom
57990,Kennilworthy Whisp,1.0,,
25052,Brandon Mull,46.0,,
3490,Lauren Weisberger,25.0,"Scranton, Pennsylvania",United States
19005,Jennifer Crusie,65.0,"Wapakoneta, Ohio",United States
4575289,Leigh Bardugo,46.0,Jerusalem,Israel
12476,Joe Haldeman,366.0,"Oklahoma City, Oklahoma",United States
137902,Richelle Mead,76.0,,
15292,Rachel Caine,178.0,,
28345,Vikram Seth,45.0,,
12605,Mario Puzo,38.0,"Manhattan, New York",United States
120257,Mario Puzo,,,
178947,Peter Bart,19.0,,
6001,Carolyn Keene,899.0,,
3864880,Carolyn Keene,,,
28509,Sara Paretsky,137.0,"Ames, Iowa",United States
5754446,Voltaire,1587.0,Paris,France
748787,Voltaire,,,
96426,Solomon Northup,49.0,"Saratoga Springs, New York",United States
3892,Tom Clancy,291.0,"Baltimore County, Maryland",United States
10015,Kate Atkinson,48.0,"York, England",United Kingdom
3075,John Irving,107.0,"Exeter, New Hampshire",United States
9720,Mary Norton,42.0,Leighton Buzzard,United Kingdom
426503,Mary Norton,,,
426504,Mary Norton,,,
5031312,Dante Alighieri,538.0,Florence,Italy
275033,Anthony M. Esolen,35.0,Archbald,United States
2895706,Kami Garcia,55.0,Washington DC,United States
2895707,Margaret Stohl,80.0,,
61105,Dr. Seuss,390.0,"Springfield, MA",United States
15538,Mikhail Lermontov,219.0,"Moscow, Russian Empire",Russia
835212,Mikhail Lermontov,,,
2130,Gordon Korman,194.0,Montreal,Canada
12898,Stephen Chbosky,3.0,"Pittsburgh, PA",United States
269069,Michelle Moran,10.0,San Fernando Valley,Philippines
2633,Nicole Krauss,21.0,"Manhattan, New York",United States
15049422,Angie Thomas,11.0,"Jackson, MS",United States
9002,Peggy Parish,74.0,"Manning, South Carolina",United States
463004,Peggy Parish,,,
22653,Peggy Parish,,,
2022,Peggy Parish,,,
14032,Connie Willis,238.0,,
3953740,Rosamund Lupton,8.0,Cambridge,United Kingdom
90864,Richard Connell,91.0,"Poughkeepsie, New York",United States
3487324,Richard Connell,,,
58918,Helene Hanff,20.0,Philadelphia,United States
6846,Christopher Paul Curtis,25.0,"Flint, Michigan",United States
18479,Margaret Wise Brown,267.0,"Pomfret, Connecticut",United States
18480,Margaret Wise Brown,,,
904939,Terry Hayes,13.0, England,United States
93575,Meg Rosoff,34.0,Boston,United States
4342215,Marie Lu,38.0,Wuxi,China
2964893,Andres Ibanez,28.0,Madrid,Spain
2904887,Andres Ibanez,,,
47499,Paullina Simons,31.0,Leningrad,Russia
65678,Miranda July,31.0,"Barre, Vermont",United States
836009,Sarah Rees Brennan,59.0,,
10317,Maureen Johnson,53.0,"Philadelphia, PA",United States
5377476,Maureen Johnson,,,
165168,Derek Landy,86.0,Lusk,Ireland
2161876,Tom Percival,61.0,,
5600,Patrick O'Brian,117.0,"Chalfont St. Peter, Buckinghamshire",United Kingdom
93858,Edith Pattou,7.0,"Evanston, Illinois",United States
600,Robert T. Kiyosaki,151.0,"Hilo, Hawaii",United States
602,Sharon L. Lechter,51.0,,
3510,Billie Letts,6.0,"Tulsa, Oklahoma",United States
6872556,P.L. Travers,64.0,Maryborough,Australia
915108,P.L. Travers,,,
46204,Arlene Mosel,4.0,"Cleveland, Ohio",United States
162194,Arlene Mosel,,,
17595,Adam Mansbach,34.0,,
4899611,Adam Mansbach,,,
54711,Janell Cannon,10.0,"St. Paul, Minnesota",United States
704,Pearl S. Buck,241.0,"Hillsboro, West Virginia",United States
504038,Anna Banks,23.0,,
6989,Rudyard Kipling,2164.0,Bombay,India
208650,Eiichiro Oda,539.0,Kumamoto,Japan
572105,Eiichiro Oda,,,
40563,Patricia Briggs,94.0,"Butte, Montana",United States
8213,Michael Ledwidge,37.0,,
11047,Masashi Kishimoto,497.0,"Nagi, Okayama",Japan
2586822,Masashi Kishimoto,,,
150484,Barry Lyga,62.0,,
46994,Mark Teague,92.0,San Diego,United States
5272674,Jenny  Lawson,4.0,,
61124,Chetan Bhagat,20.0,New Delhi,India
3090,Helen Fielding,24.0,"Morley, West Yorkshire, England",United Kingdom
3167,Joseph Heller,58.0,"Brooklyn, New York",United States
4379470,Young Kim,11.0,,
13673487,Young Kim,,,
3487,Aldous Huxley,320.0,"Godalming, Surrey, England",United Kingdom
5360335,Amie Kaufman,20.0,Melbourne,Australia
4615776,Meagan Spooner,17.0,"Washington, D.C.",United States
5151,Azar Nafisi,15.0,Tehran,Iran
696805,Jules Verne,2031.0,,
223300,Jules Verne,,,
1302285,Isaac Marion,26.0,Mount Vernon,United States
6412,Robert C. O'Brien,5.0,"Brooklyn, New York",United States
2565,Ian Fleming,317.0,"Mayfair, London, England",United Kingdom
3407448,Ruta Sepetys,7.0,"Detroit, MI",United States
12736,Mark Millar,869.0,"Coatbridge, Scotland",United Kingdom
444929,Mark Millar,,,
93208,Rob Liefeld,356.0,"Anaheim, California",United States
93847,Alexander Theroux,25.0,"Medford, Massachusetts",United States
14635,Robert McCloskey,34.0,"Hamilton, Ohio",United States
6556689,Christina Lauren,59.0,,
699143,J. Lynn,25.0,,
36714,Frederick Forsyth,147.0,"Ashford, Kent, England",United Kingdom
3097905,Colleen Houck,17.0,"Tucson, AZ",United States
386042,Heather Dixon,3.0,,
6404,Jonathan Lethem,187.0,"Brooklyn, New York",United States
3489,Rebecca Wells,7.0,,
884135,J.H. Williams III,241.0,,
18833,J.H. Williams III,,,
7012565,Lang Leav,11.0,,
12444,Bill Willingham,656.0,"Fort Belvoir, Virginia",United States
171691,Bill Willingham,,,
74339,Bill Willingham,,,
180972,Bill Willingham,,,
92148,James Jean,59.0,Taipei,Taiwan
55811,James Jean,,,
21246,Gretchen Rubin,23.0,"Kansas City, Missouri",United States
5339,Robin McKinley,45.0,"Warren, Ohio",United States
690619,Lauren Groff,46.0,"Cooperstown, New York",United States
3540,Janet Fitch,16.0,"Los Angeles, California",United States
7890536,Dan   Harris,7.0,,
589,Orson Scott Card,590.0,"Richland, Washington",United States
8215,Orson Scott Card,,,
1598076,Sarah MacLean,23.0,"Providence, RI",United States
5237,Hunter S. Thompson,76.0,"Louisville, Kentucky",United States
14623,Ralph Steadman,98.0,,
4345,Walter Scott,2073.0,"Edinburgh, Scotland",United Kingdom
7751,Tennessee Williams,289.0,"Columbus, Mississippi",United States
8865,Mary Karr,26.0,"Groves, Texas",United States
1222197,Mary Karr,,,
7375,Melissa Bank,5.0,"Philadelphia, PA",United States
3267859,Jennifer A. Nielsen,26.0,,
4197193,Sarah Winman,7.0,,
13778,Bill Watterson,262.0,"Washington, D.C.",United States
2927,Mary GrandPre,51.0,South Dakota,United States
72451,Jonathan Maberry,355.0,Philadelphia,United States
16962,Jonathan Maberry,,,
16966,Jonathan Maberry,,,
159,Henry James,1871.0,"New York City, New York",United States
79407,Henry James,,,
52927,Henry James,,,
69030,Andrew Robinson,182.0,,
234377,Andrew Robinson,,,
17303138,Andrew Robinson,,,
10665,Gertrude Chandler Warner,360.0,"Putnam, Connecticut",United States
207860,Gertrude Chandler Warner,,,
7176,Daniel Handler,41.0,"San Francisco, California",United States
55084,Maira Kalman,58.0,Tel Aviv,Israel
16904,Richard Bach,57.0,"Oak Park, IL",United States
1244538,Pam Munoz Ryan,50.0," Bakersfield, California",United States
5042201,John Tiffany,9.0,,
3439408,Jack Thorne,33.0,,
27372,Kazu Kibuishi,29.0,Tokyo,Japan
202260,Caroline Kepnes,16.0,Hyannis,United States
31712,Ernest Cline,11.0,"Ashland, Ohio",United States
3736,Robert Penn Warren,113.0,"Guthrie, Kentucky",United States
12665,Cecily von Ziegesar,55.0,Connecticut,United States
172977,Malorie Blackman,115.0,London,United Kingdom
61919,Malorie Blackman,,,
2687,Dan Simmons,182.0,"Peoria, Illinois",United States
2887,James Ellroy,96.0,"Los Angeles, California",United States
7565,William Styron,62.0,"Newport News, Virginia",United States
1285555,Jose Saramago,211.0,"Golegã, Azinhaga",Portugal
1739,Jose Saramago,,,
5144,James Joyce,706.0,"Rathgar, Dublin",Ireland
621651,James Joyce,,,
128382,Leo Tolstoy,3433.0,"Yasnaya Polyana, Tula, Russian Empire",Russia
217371,Leo Tolstoy,,,
5262,Leo Tolstoy,,,
3153776,Mira Grant,37.0,"Martinez, California",United States
14168236,Mira Grant,,,
9629,Terry Brooks,179.0,"Sterling, Illinois",United States
13898,P.D. Eastman,24.0,"Amherst, Massachusetts",United States
99849,Esther Forbes,22.0,"Westborough, Massachusetts ",United States
88581,Lynd Ward,95.0,"Chicago, Illinois",United States
973,Euripides,771.0,Salamís,Greece
192810,Rex Warner,55.0,"Birmingham, Warwickshire, England",United Kingdom
13728,Alvin Schwartz,57.0,"Princeton, New Jersey",United States
232483,Stephen Gammell,70.0,,
3105,Rosemary Wells,310.0,"New York, NY",United States
7201361,Rosemary Wells,,,
5778057,Susannah Cahalan,2.0,New York ,United States
133241,Bernie Wrightson,199.0,"Baltimore, Maryland",United States
4764,Philip K. Dick,1084.0,"Chicago, Illinois",United States
3619,Roger Zelazny,522.0,"Euclid, Ohio",United States
4178,Cormac McCarthy,37.0,"Providence, Rhode Island",United States
29840,Kevin Williamson,40.0,"New Bern, North Carolina",United States
4101698,Julie Plec,21.0,,
11633,Sharon Creech,42.0,"South Euclid, Ohio",United States
266461,Robert Goolrick,10.0,Virginia,United States
7025,Gregory Maguire,88.0,"Albany, New York",United States
6543253,Gregory Maguire,,,
17204500,Gregory Maguire,,,
157819,Nina Bawden,58.0,"London, England",United Kingdom
5227163,Jesse Andrews,5.0,,
4376,Susanna Kaysen,8.0,"Cambridge, Massachusetts",United States
104728,William Peter Blatty,31.0,"New York, New York",United States
5737121,Kurtis J. Wiebe,118.0,,
4024810,Kurtis J. Wiebe,,,
16272,Michel Faber,44.0,The Hague,Netherlands
3536,Ursula Hegi,18.0,Düsseldorf,Germany
6942,Pat Conroy,61.0,"Atlanta, Georgia",United States
3565,Oscar Wilde,2356.0,Dublin,Ireland
1467,Jeffrey Eugenides,30.0,"Detroit, Michigan",United States
42277,Jeffrey Eugenides,,,
527779,Jeffrey Eugenides,,,
44085,Elena Ferrante,30.0,,
183680,Elena Ferrante,,,
125308,Cinda Williams Chima,19.0,,
13957,Scott Westerfeld,80.0,"Dallas, Texas",United States
19564,Neal Shusterman,97.0,"Brooklyn, New York",United States
3502,Alice Hoffman,80.0,"New York, New York",United States
26372,Kathy Reichs,78.0,Chicago,United States
4586597,R.L. Mathewson,58.0,,
435477,Shel Silverstein,111.0,"Chicago, IL",United States
10885,Edgar Rice Burroughs,1316.0,"Chicago, Illinois",United States
3681,Ann Brashares,38.0,Virginia,United States
5810891,Mahatma Gandhi,475.0,,
