[{"id": "dece3dea-52b0-4478-bfc4-236fb481ecce", "name": "Berkley"}, {"id": "c315a354-b0a0-4919-990d-6711d8f77c2a", "name": "Millenium"}, {"id": "cd672cf5-d230-416a-ade3-48c2e873f6d6", "name": "Penguin Group DAW Hardcover"}, {"id": "b9268504-fc34-4c4a-b91c-390f236dc52e", "name": "Scribner"}, {"id": "b8d2f60c-35d9-465e-893b-37a7e66d71dc", "name": "HMH Books for Young Readers"}, {"id": "a8de905f-0f70-43b8-9ccc-278a9bfa937e", "name": "Walker Books Ltd"}, {"id": "1d85809e-2af4-409f-b8ba-b0b4e7de9d0e", "name": "Dutton Juvenile"}, {"id": "e7a0a210-4162-4cb3-898b-4617159ec524", "name": "Pamela Dorman Books"}, {"id": "9856c6b8-7674-4e31-bfcd-75aecf255dcf", "name": "Vintage"}, {"id": "d4e9362d-ec56-4e7b-b4e3-fb882f2e4f59", "name": "Avon"}, {"id": "2200bcd7-32d2-4e0a-9e09-f091408c886d", "name": "Penguin Books"}, {"id": "027b88fc-b0ee-4e46-bb80-559922d198f9", "name": "Scholastic Press"}, {"id": "cddd4b3d-3c66-4169-9a94-b84f49bcf982", "name": "Grand Central Publishing"}, {"id": "debe0b03-1ce4-4ac6-995f-1f585d40579a", "name": "Gollancz"}, {"id": "d0a24481-b231-4082-9411-b56284b53325", "name": "BantamDell"}, {"id": "b8aa7c8d-3bfd-417c-875b-f4193a472e44", "name": "Little, Brown and Company"}, {"id": "d630d7c6-14de-434b-9ea5-0ea11638d563", "name": "William Morrow"}, {"id": "82a0c6e8-07db-4471-b746-b93fef175dca", "name": "Ecco"}, {"id": "6c5885b5-b205-4500-ad43-e53bafcf0695", "name": "Little Brown and Company"}, {"id": "78cc02fc-53f0-45e0-a65c-008ad430af84", "name": "Orbit"}, {"id": "12246b30-7adf-494f-80ea-2b835a781e78", "name": "HarperTorch"}, {"id": "ec37fce6-3a34-4af6-bd26-a79fd31d573b", "name": "W. W. Norton  Company"}, {"id": "1110bf84-32fc-4a02-859c-b8c2a234a697", "name": "Atria Simon & Schuster"}, {"id": "71fdff5e-1a53-4b58-8d1e-fe814530ab6f", "name": "Wordsworth Classics"}, {"id": "e7b8b01a-4bc1-4bf3-94b5-e37e751ccf39", "name": "Tor Books"}, {"id": "3d2ecfcb-9926-4a8d-9257-b9964e0c5da2", "name": "HarperVoyager"}, {"id": "397468a2-ea0b-4838-90ba-a6e8541805c8", "name": "HarperTempest"}, {"id": "0d0f3cfe-b2dd-49ad-9cc5-618ba22267a8", "name": "Ballantine Books"}, {"id": "585d28ed-4403-4e67-a356-0f4a8a8a74c7", "name": "Pocket Books"}, {"id": "175065c9-c651-47f5-93e1-4cc7aa135b3d", "name": "NAL"}, {"id": "9b0b525d-44d4-44a4-82b9-a5148c0f5161", "name": "DC Comics"}, {"id": "7b10e2cb-ca4a-496e-a61d-ef38edbf5016", "name": "HarperTeen"}, {"id": "c6f51db0-33b9-498e-bc30-28d3436f49ec", "name": "Dial Press"}, {"id": "b8d04fd0-0f5a-4592-956c-7967373c6de4", "name": "Simon & Schuster Margaret K. McElderry"}, {"id": "d1a06f81-926c-484f-9970-e6bcae019419", "name": "Atria Books"}, {"id": "378aafe3-5f12-40e7-97c1-7cfc25956f29", "name": "Knopf"}, {"id": "852be89e-90bd-45a4-954b-17780c4ae677", "name": "Random House Trade Paperbacks"}, {"id": "70b536e6-6786-465d-bbea-5605c80dbb3d", "name": "Penguin Group (USA)"}, {"id": "880f3dc0-fe40-45ca-8ea2-7b8b54ffa6ff", "name": "Pantheon"}, {"id": "71c17340-5f4d-46a5-9efe-0730fe661660", "name": "Image Comics"}, {"id": "bb050995-2393-4361-8183-e8d54bf7df9f", "name": "Vertigo"}, {"id": "c2333ea3-268f-49be-b917-8f14b331647e", "name": "Simon  Schuster Books for Young Readers"}, {"id": "47c42a81-96ee-40bd-901b-7905fc00f400", "name": "Disney-Hyperion Books"}, {"id": "66c61af0-a21c-4f89-a406-ea4a777d4062", "name": "Henry Holt and Co."}, {"id": "ee70bf12-1880-4a94-ba42-1d0ed609eb90", "name": "Dell"}, {"id": "5cc376d3-9902-48db-86b0-8836e870414d", "name": "Penguin Classics"}, {"id": "de0fb689-1f07-4f57-928d-c2122ef311d0", "name": "Pocket"}, {"id": "50a4c9bc-c5b8-4641-9334-ffe09eeca705", "name": "Pan Childrens"}, {"id": "c68e2973-3231-467c-afd8-b0c96f115f83", "name": "St. Martin's Griffin"}, {"id": "3fab51c6-b7af-4488-a6c2-6d586425a429", "name": "Simon Pulse"}, {"id": "f9c220fd-030d-4c75-9148-4ab33df9b526", "name": "Amulet Books"}, {"id": "e8d72ee0-e34e-4aaa-8821-fc0556c028b3", "name": "Dover Publications"}, {"id": "a4008d36-93b5-4816-977d-bd16a20f515e", "name": "Kodansha Comics"}, {"id": "48865189-0022-462e-a9f1-3da034da4fca", "name": "Arrow"}, {"id": "8c29cb1c-adf7-46e5-9cd5-c181b2e3ff99", "name": "Hyperion"}, {"id": "8dfbbe54-203c-431b-9945-f6e6e7bbb6c1", "name": "Harvest Books"}, {"id": "9b970c40-2d42-4185-9bbf-6f6fa4277363", "name": "Orion"}, {"id": "85cb5dbc-2677-4ef2-9352-74203808084a", "name": "Walker Books"}, {"id": "79dbc931-a9f7-4a78-b45d-5b6cc0432291", "name": "HarperCollins Publishers"}, {"id": "7d1ae8b6-c794-410f-8009-3fd649e8321f", "name": "Bantam Books"}, {"id": "b62b8398-3065-4309-9591-b052f085c7b6", "name": "William Morrow Paperbacks"}, {"id": "f30275ee-740d-4369-8110-28e1bacb0d39", "name": "Gallery Books"}, {"id": "d549ddb5-ddef-492f-bee0-53d36027475c", "name": "McSweeney's"}, {"id": "0d44812b-b747-44fc-8fc8-9f1943caacb3", "name": "Harlequin Teen"}, {"id": "d4868709-96b1-4622-bf43-48c2c0e6d5c3", "name": "Nan A. Talese"}, {"id": "a6172f59-5ad1-405f-a988-ca363b0eeed9", "name": "Puffin Books"}, {"id": "b9dfcfd1-e1be-4965-bfc5-674065d807cf", "name": "HarperCollins"}, {"id": "96291a8b-1957-47aa-a921-fbf05d0187c6", "name": "Dutton Books"}, {"id": "31feb25d-ddd5-4da1-a573-35b702f1f172", "name": "Laurel Leaf"}, {"id": "4119ea68-8944-4826-9954-d660c342475c", "name": "Disney/Hyperion"}, {"id": "2a6cedf8-af48-4df8-86bb-deb03e69e646", "name": "Center Street"}, {"id": "69714599-689b-44a4-bd53-aad2f7b2e7b3", "name": "Modern Library"}, {"id": "14d839e0-cd58-431b-82bf-beb564b1b7f0", "name": "Yearling"}, {"id": "cb2faba2-9f7d-495b-8302-aecdccf7b5f5", "name": "Vintage International"}, {"id": "4a9022cf-83d5-4a15-9f05-d2cbf667b756", "name": "Harper Perennial"}, {"id": "144f1506-5423-449d-8a75-d43851d20265", "name": "Delacorte Press"}, {"id": "7e6b3c87-bffa-40ab-9434-c0c28d97d6eb", "name": "Pantheon Books"}, {"id": "b1fd2dcb-0ff9-4f4b-8b93-38d6e7283065", "name": "G.P. Putnam's Sons Books for Young Readers"}, {"id": "b4ed6881-1172-49b1-ac74-a52b1ebaf5e0", "name": "Piatkus Books"}, {"id": "19bd4f1a-0528-457d-be17-d36f38aac769", "name": "Graphix"}, {"id": "0e26a8e5-f38a-4c5f-bc99-f5743aee6185", "name": "Harper Perennial Modern Classics"}, {"id": "52beaf43-a58a-4dab-9ee1-28b225ae9f21", "name": "Putnam Juvenile"}, {"id": "f3aba04b-cb64-44df-8f9a-4ffc66d050d2", "name": "Viking Penguin"}, {"id": "e9f6d7d9-fd92-4892-be2b-432556ddc4f1", "name": "Scribner Book Company"}, {"id": "c80aab85-05ec-45e9-acef-ba83d459154d", "name": "Avon Books"}, {"id": "20c4566d-8394-4a13-95b2-bd9650c9da35", "name": "The Feminist Press at CUNY"}, {"id": "dc35f566-56f9-4ac0-b589-47e022eca4ee", "name": "1st World Library"}, {"id": "7a0568d5-f22f-4c3e-957d-172b931bf2e9", "name": "Warner Books"}, {"id": "bd8ac107-8219-4a9f-933a-deb59ea836c2", "name": "Virago Press (UK)"}, {"id": "faf2af3b-1a9e-48a9-9c9a-3cfed470a1f8", "name": "Harper Trophy"}, {"id": "a2c118f0-f2fb-4660-9e80-75ddedb1f7a5", "name": "Transworld Publishers"}, {"id": "8999a2b7-19ea-4205-900c-40160cde410d", "name": "Houghton Mifflin Harcourt"}, {"id": "2d8a6d9a-40fd-450c-8df7-4e9783454e7b", "name": "Berkley Hardcover"}, {"id": "44b274d6-b49e-48b4-b820-04c604ab197b", "name": "Simon & Schuster Ltd"}, {"id": "409e7287-7a54-48cd-965e-68c15125a5d1", "name": "Ace Books"}, {"id": "d130a5a0-4cae-4840-87d4-bf962cef8fb7", "name": "Gallery/Scout Press"}, {"id": "03c71955-4ed6-4019-9df0-f4bde42fd5a2", "name": "Thomas Dunne Books"}, {"id": "dedcc77e-5eff-4415-a012-3e50c4c0367d", "name": "St. Martin's Press"}, {"id": "0931a1a1-cf17-4b0f-8cd1-8b9995a42658", "name": "Random House Anchor"}, {"id": "d267afc4-2b43-4b4d-b1e5-e7d7f680697f", "name": "Norilana Books"}, {"id": "0b97d034-a59b-47aa-bd5c-62064aeb4c9c", "name": "Ace"}, {"id": "5e8e59d0-31ae-4aad-a710-cc49d907f50e", "name": "Starfire"}, {"id": "aec05cf1-29ce-4b00-9c3e-47e7bf46f917", "name": "Del Rey / Ballantine"}, {"id": "00ec7ba3-9df9-4551-8a70-b915e9935ab0", "name": "Berkley Sensation"}, {"id": "8d5dfc93-bc70-4474-889b-8fda59fc9ac7", "name": "Viking Books for Young Readers"}, {"id": "eb922426-0832-454a-92b7-5c88edcf39c2", "name": "The Chicken House"}, {"id": "c9ff0671-8a57-47d7-962d-bf464a010d53", "name": "Scholastic Paperbacks"}, {"id": "9cbf6eae-a59e-4b2a-9bfe-5ee163056922", "name": "First Second"}, {"id": "3e8a93f6-d9d1-441a-a924-86a01462835e", "name": "Atria"}, {"id": "713af56c-5593-4dea-8075-eac32d7fbe79", "name": "Random House Publishing Group"}, {"id": "7fec8409-e9d7-400b-963e-c8676d19b5b0", "name": "Penguin Roc"}, {"id": "8f4d8992-470d-4bbc-aa3a-459e4f26537c", "name": "Dell Laurel-Leaf"}, {"id": "90f72128-778d-46fb-9e04-6c7bcbe4f56f", "name": "Entangled Publishing (Indulgence)"}, {"id": "38cb18bc-9086-4364-bc48-caddee6f8a56", "name": "Bloomsbury USA Childrens"}, {"id": "f9bf7523-5b68-49fc-9b49-162082840052", "name": "Bloomsbury Children's Books"}, {"id": "e45ade24-f37b-4925-a4b7-d4c926a2d69f", "name": "Simon  Schuster"}, {"id": "89adb490-14cc-4ca4-b984-84676cad1648", "name": "Katherine Tegen Books"}, {"id": "dfadb1b4-380f-416f-bcd1-dc38be4ae1ef", "name": "Random House"}, {"id": "ca358ada-d3db-4590-875b-23c42fa3be45", "name": "Washington Square Press"}, {"id": "331e411e-ba48-411f-9970-097cfeab8abf", "name": "Disney Hyperion"}, {"id": "e3d13c4b-af03-4881-875a-a73ad19931af", "name": "Ace Penguin Berkley"}, {"id": "d59639c8-706e-4c97-8879-4b9cecfa2031", "name": "Harcourt, Inc."}, {"id": "e7d54843-84e2-4006-b708-912306319c6f", "name": "Bantam Classics"}, {"id": "f5eef582-0c4e-4d45-9e38-8b5f6ee14f39", "name": "Little, Brown and Company Books for Young Readers"}, {"id": "4d06baf8-e275-46a5-b93e-bd95532aeb0f", "name": "Signet"}, {"id": "034d0b8b-ed61-4eb0-bdda-ef970dc94dc6", "name": "Square Fish"}, {"id": "e7771c57-01b8-4526-b7e9-25dc44ee62d7", "name": "Ebury Press"}, {"id": "bc3db665-a854-4170-9266-9fa217d720a7", "name": "Harper Teen"}, {"id": "ed88670f-03d8-41a4-8483-824b192f7f90", "name": "jimmy patterson"}, {"id": "1e63945d-af15-47ca-98f1-b5d687d3be22", "name": "Bloomsbury Childrens Books"}, {"id": "f24d267a-3a19-4240-aff7-60f1521e6b18", "name": "New English Library"}, {"id": "4c24eca8-bd03-42e6-948f-22b391185aea", "name": "Michael Joseph (UK)"}, {"id": "f8bad3fc-f99a-4706-8e17-bf6db3f88d90", "name": "Scholastic Inc."}, {"id": "886c0457-daf6-4861-9e65-b7ba615b044f", "name": "Dey St."}, {"id": "db9c509b-ce7a-44ac-9d62-f5a069ca4b63", "name": "Harper"}, {"id": "1ca236ff-3239-4f02-b467-d3d6815274f9", "name": "Bantam"}, {"id": "65b2a1f2-7ff5-4795-aee3-b595281fa358", "name": "Hachette Audio"}, {"id": "2d23c9de-5e7b-47e3-8ebb-d15d41d495fe", "name": "Penguin"}, {"id": "1c6df6e3-20b1-4728-8730-4480d23de466", "name": "Penguin Signet"}, {"id": "4a913306-d2c3-4306-9648-c83344aa2547", "name": "Ballantine Del Rey"}, {"id": "b000b7a1-ce89-47f2-956d-5fc5de66dd16", "name": "Simon & Schuster"}, {"id": "44fe6690-8eaa-4561-8fb2-14184a5b4590", "name": "Editions Glenat"}, {"id": "0ddf3dcd-89a3-4a45-a5da-2727d807176a", "name": "TarcherPerigee"}, {"id": "aa2657ae-1bb1-4bd9-84e2-36af01738ca1", "name": "Arthur A. Levine Books"}, {"id": "c2d9aba3-173f-436c-af53-9f9ad82de0e6", "name": "Scholastic"}, {"id": "ff20ab3b-aa85-40bf-98ed-e66aca89d67d", "name": "Signet Classics"}, {"id": "2185bd26-0eea-4b5d-8bbc-cde1fe4f1e13", "name": "Portfolio"}, {"id": "d2df3077-ce3b-473b-b991-6128b721a883", "name": "Roc"}, {"id": "43161707-b4a6-42f7-8d30-b96bfcd861f8", "name": "Corgi"}, {"id": "8f825bc5-0d8b-4af1-bdf9-6637b1ce7a0b", "name": "Dell Publishing"}, {"id": "9310bd69-6862-4c0f-844d-fb16bc248095", "name": "Westland"}, {"id": "f9dffc58-0ded-4f52-8a3b-1a8a817e8377", "name": "Princeton University Press"}, {"id": "e37b755a-c1e7-4c95-a3c4-008e2337f2ae", "name": "Little Brown/Poppy"}, {"id": "1ac8e5e6-3452-459e-968b-30117e5c526d", "name": "HarperTrophy"}, {"id": "84b44d53-3c56-458c-a325-198594c8af74", "name": "Del Rey Books"}, {"id": "14a5de95-3c8e-47fa-b3d4-ee6bf6462f99", "name": "Feiwel & Friends"}, {"id": "aa2a4275-b0c8-4355-b461-d526f15c17b2", "name": "Houghton Mifflin Company"}, {"id": "bd3f7de0-c212-4f07-a309-f82eeaa82cd9", "name": "Judy Piatkus"}, {"id": "58364c68-68b9-4560-91fe-54e5cd17271c", "name": "Vintage Contemporaries / Random House"}, {"id": "65ca8f89-ff57-4b91-8f9b-e08909571ce0", "name": "Walker"}, {"id": "afa32a1f-9955-4092-b251-bd417ae753c4", "name": "William Morrow Cookbooks"}, {"id": "baf16ad8-c793-4ef1-8610-0daa10de804a", "name": "Fourth Estate Paperbacks"}, {"id": "07e2be97-9f84-44cf-8db9-916023d50010", "name": "Vintage Books"}, {"id": "553d4deb-57af-4867-9ea7-de08b85919c8", "name": "Philomel"}, {"id": "8f02db07-cb0e-4710-b9b2-657b894c17cb", "name": "Henry Holt"}, {"id": "d7f48d5e-e54d-4421-8411-f9ca3a6f7133", "name": "Bloomsbury Childrens"}, {"id": "8c2170ba-b2fd-4032-a506-3b25e6a59e43", "name": "Orbit (Hachette)"}, {"id": "742c138f-4a61-4701-b617-756dd5ee39b9", "name": "Crown Archetype"}, {"id": "72110ac2-d682-46d3-a629-68619f1a87bb", "name": "Megan Tingley Books - Little, Brown and Company"}, {"id": "51b54922-513c-449b-b49e-0a9e788ec303", "name": "Greenwillow Books"}, {"id": "9108d57f-1023-4bea-8d01-4ad3d588f759", "name": "Puffin"}, {"id": "de479249-da17-448d-9f46-d12120611f44", "name": "Flux"}, {"id": "82152fd5-c20b-4190-8f08-5a0b0e26f850", "name": "Createspace"}, {"id": "ddeb12d1-16e3-4caa-9343-a9a4d1bd4dea", "name": "Bandit Publishing Company"}, {"id": "7f0a37a9-b93f-4b94-ae9b-2cbdab84b1e6", "name": "HarperCollinsChildren'sBooks"}, {"id": "17bf5e0a-77f1-4ae0-8aa5-6121f8124943", "name": "Blue Sky Press"}, {"id": "313e03bb-f172-4941-83e9-d46bda07ece8", "name": "Del Rey"}, {"id": "2fff6952-8dc2-46c5-a143-9dd0ed77ff73", "name": "Broadway Books"}, {"id": "ab3bc015-061c-4530-a4da-f7086648ffd5", "name": "Little, Brown Books for Young Readers"}, {"id": "7ccfd1e1-fc0a-4758-93d1-00d7f02674d7", "name": "Bantam Press"}, {"id": "1a37e96d-e556-48c0-a81c-91d6cfc61366", "name": "Plume"}, {"id": "9da81a1b-9991-4964-8ce8-26abaed32d41", "name": "W.W. Norton & Company"}, {"id": "48c84426-ebd1-4071-bece-a9431d62148f", "name": "Zondervan"}, {"id": "0ab3aaee-7d0e-466d-94e7-978b7cc17c7a", "name": "Delacorte Books for Young Readers"}, {"id": "68dc3615-68d9-4484-a4b6-9ee0b0e17e71", "name": "Atlantic Monthly Press"}, {"id": "cbea68c1-7638-423e-a39c-cf5e38a03817", "name": "Vintage Contemporaries"}, {"id": "bfbc4064-d4ee-4e58-a59c-fdcf954a30a9", "name": "Sourcebooks Fire"}, {"id": "08a84800-d1da-4068-8fc2-0abc10e3f535", "name": "Harcourt Paperbacks"}, {"id": "9eca2cf4-9cec-4a9d-aa07-f94867388b58", "name": "Mira"}, {"id": "121d07ba-a9ff-4919-b6a6-e6d1f8fd98b0", "name": "Disney-Hyperion"}, {"id": "34c28bc6-614b-4d12-9e2e-cd22d8532e4a", "name": "PanMacmillan Australia"}, {"id": "beb3cd31-92d2-473e-9805-4fe888072710", "name": "Workman Publishing Company"}, {"id": "41842f64-7b90-4b91-ba5a-b4276ce796a0", "name": "Red Fox"}, {"id": "61de9c5f-4c5c-48f8-9ed0-17493cc4a20d", "name": "Schocken"}, {"id": "ea113040-b7a2-4cc6-9ab9-9b6dc01c94d7", "name": "Warne"}, {"id": "4f930ddd-6f9b-4955-8710-398d0c471e09", "name": "Riverhead Books"}, {"id": "836f8b0b-5ab0-4c59-8760-9dc06c480635", "name": "Bloomsbury Publishing PLC"}, {"id": "344325bb-ff01-4da6-ba30-4befa1959710", "name": "Bantam Classic"}, {"id": "862d638c-9d59-48fd-94e2-838f26717faf", "name": "Spectrum Literary Agency"}, {"id": "a720dc3b-459f-4d91-82ce-8cbe2e933a41", "name": "Vision"}, {"id": "5041a168-c28d-4411-9e19-ed177848e4d3", "name": "Bloomsbury Publishing"}, {"id": "53c15a42-be9b-40e4-a595-d92ce33881b0", "name": "Other Press"}, {"id": "ac3a3172-b326-42f6-898e-6e1bce7b8229", "name": "Melville House"}, {"id": "fc91191f-3ce6-4600-a38f-c0237af5ef04", "name": "Dutton Books for Young Readers"}, {"id": "83bb69e7-fc9a-4a10-a145-999ed092b8bb", "name": "Bantam Spectra"}, {"id": "139b932f-7988-480b-80e5-9a6393b53c9c", "name": "Dell Publishing Company"}, {"id": "797b6250-f57e-4216-9df0-3721408aa704", "name": "Oxford University Press"}, {"id": "0dd4c927-4318-4a89-97ca-b93b1fc16497", "name": "Andrews McMeel Publishing"}, {"id": "66438539-1bab-4236-bae8-df7af8a9ed83", "name": "Sceptre"}, {"id": "321caca1-1b20-4b5e-8825-0a64a2c93822", "name": "Avon Camelot"}, {"id": "72f36751-26e0-4738-95a0-cdcd7c34b658", "name": "Del Rey/Ballantine Books"}, {"id": "70ec4269-86c1-480d-9311-354017817536", "name": "Knopf Books for Young Readers"}, {"id": "685d2fa8-ff6b-419e-91dd-6a5e52e6b6d5", "name": "Rupa & Co"}, {"id": "1ae7f64d-9f03-4bbc-bc83-60687f895000", "name": "Health Communications"}, {"id": "73f9d78c-6a10-48cb-bea5-fef7848bc287", "name": "Eos"}, {"id": "fffb0fa5-de72-48cc-8664-e241ab25c9d7", "name": "Hyperion Books"}, {"id": "b34f5d9f-7f43-42b0-b147-a5aaef89b302", "name": "Candlewick"}, {"id": "6ab52bff-548d-43ee-9fbf-52ee62239238", "name": "Philomel Books"}, {"id": "14436622-4b41-4878-8b09-deb957478e1f", "name": "Bloomsbury"}, {"id": "83998806-7dbc-4cac-9f9a-fcfd9a19d697", "name": "CreateSpace (Broad Reach Publishing)"}, {"id": "3fdef781-2b6b-41e0-a998-48b979bd83d4", "name": "See Sharp Press"}, {"id": "6a0d6fb9-96cf-4165-b2e1-a964aa4131e8", "name": "Viking - Pamela Dorman Books"}, {"id": "dc238b85-dda7-4c36-a40f-a3750783d350", "name": "Nawfal"}, {"id": "6fbc349b-abec-42ff-9a13-2e01632b2859", "name": "Random House Large Print"}, {"id": "0c81f3c7-7f36-4a37-8749-0b6c4d7cad53", "name": "Mariner Books"}, {"id": "90768d2c-f729-4e02-83dc-f3193fe18ac1", "name": "Farrar, Straus and Giroux"}, {"id": "5f0c181d-b998-4207-bfda-f51d53d6ab88", "name": "Arena"}, {"id": "a755ef70-4a5f-4900-b77c-b26681aaa912", "name": "Point"}, {"id": "995063d0-5c6b-414e-863f-0b002102057d", "name": "Smashwords"}, {"id": "d573fad6-72bd-4228-97f5-b25a6f4c84dc", "name": "Perfection Learning"}, {"id": "74339b6d-1804-4ba1-a5eb-bb09da20c757", "name": "Forever"}, {"id": "cd452e0c-3bef-4107-ae04-ed685ce72b43", "name": "Dial Press Trade Paperback"}, {"id": "7fd0edd6-ae56-4dc1-91fd-194ac20c803c", "name": "Entangled Publishing"}, {"id": "9ab07a4a-ff8e-488f-91de-d78f1c2e81e7", "name": "St. Martin's Paperbacks"}, {"id": "171292ec-80f3-42b0-b5c2-e24b99571e6c", "name": "Creative Education"}, {"id": "d46b18b8-175f-4716-b29b-a075b5dd722b", "name": "Speak"}, {"id": "a2ff1c48-f32a-4f0f-9798-538a39ddb539", "name": "Macmillan"}, {"id": "64cd0151-b00f-4b5d-b81c-00bfff837c61", "name": "Razorbill"}, {"id": "ba3d8354-6407-4f08-b821-add61d2ce5ca", "name": "Jasinda Wilder"}, {"id": "e17a9efa-c46c-4e44-b4da-808bc2cc266f", "name": "Tor Science Fiction"}, {"id": "4691cf47-72fc-4ffc-9214-4c6f20f3d648", "name": "Simon & Schuster Books for Young Readers"}, {"id": "57dd32f4-6139-45ea-9974-e86107544b2d", "name": "Marvel"}, {"id": "3337526f-204d-4174-ae6e-a3d6637d09d5", "name": "Viking Juvenile"}, {"id": "6696bc59-808b-4279-a70c-280651ee5000", "name": "Anchor Books"}, {"id": "6b4abe18-37e2-4f5a-9915-b87bba2d04fe", "name": "Harcourt Odyssey"}, {"id": "9d1fabb2-d346-4297-8b88-5e04973cceaa", "name": "VIZ Media LLC"}, {"id": "da061754-3b9a-4fa0-a818-c7f99192643d", "name": "Weidenfeld & Nicolson"}, {"id": "4118c609-9b39-45d0-b163-597e4d8baef6", "name": "Harvard Business Review Press"}, {"id": "cce54157-9a1d-4e12-8f88-0ad90eb8aa76", "name": "Simon and Schuster"}, {"id": "cc9abb95-e088-4f3b-b5df-2aafd91fe179", "name": "Atom"}, {"id": "ff17620c-74cd-4ce8-8de5-c69c594df460", "name": "Doubleday"}, {"id": "f012c88b-fc88-487a-b24d-ddbaa5c58081", "name": "Top Shelf Productions"}, {"id": "e3c1a03c-f0e9-44b0-bdbf-b11ee7c9ebf9", "name": "Jove"}, {"id": "e877fd8d-c309-415b-b619-1098034d7cb0", "name": "New American Library"}, {"id": "debb42ee-670c-42ce-9c84-241a32e6588f", "name": "dr lshrwq"}, {"id": "e756f57e-7e3a-4e5b-9e56-26320d4b0bd2", "name": "HarperOne"}, {"id": "38a13301-f758-4fd1-8597-2f6869e00199", "name": "Cambridge University Press"}, {"id": "a64898fa-b600-48f0-907a-110b931d50a1", "name": "Earthlight (UK)"}, {"id": "87496d0d-cba5-4ac7-89e3-ac3f9391565a", "name": "Little, Brown Young Readers"}, {"id": "aa76f0e4-2063-4f71-aae2-a49fff6a649b", "name": "CreateSpace"}, {"id": "28da992c-1e6c-4dfe-bba1-5a9d3e3705de", "name": "The Writer's Coffee Shop Publishing House"}, {"id": "e934e0b1-f7df-4bd9-990e-6fb2ca7090b7", "name": "Touchstone"}, {"id": "0c4cea36-fb6e-4626-8b6a-93420dcf444d", "name": "Vintage Classics"}, {"id": "b3087204-f493-4672-8a58-ae12ba0ac2ba", "name": "Crossway Books"}, {"id": "8a22624b-f46a-428f-bab1-922ac38191ef", "name": "Penguin Press"}, {"id": "28f87709-db8b-43cc-8b9d-c53b9b8f192e", "name": "McClelland & Stewart"}, {"id": "133f8f2c-1f5e-4c9c-b1ca-44f00bc94104", "name": "Harper Voyager"}, {"id": "8735e87b-059d-4e0b-9616-b8154e832a2b", "name": "Aladdin Paperbacks"}, {"id": "f2966f28-2d2e-4fe2-816c-7a54e7fb0dcc", "name": "Hard Case Crime"}, {"id": "dc8fefa6-c7a1-43ec-aa2a-50b2274e74f8", "name": "Lothian Books"}, {"id": "4bd7924d-afaa-4f90-a4de-f0db5e388b95", "name": "Penguin Berkley"}, {"id": "94533b32-4763-411c-880b-9e1cb6c7565b", "name": "Tor Fantasy"}, {"id": "d2f65506-24b0-4afa-9c39-457940105a17", "name": "Methuen"}, {"id": "175c9030-1333-4223-ba36-4c843532e4e4", "name": "Hachette Book Group Orbit"}, {"id": "8a7ee358-6945-4a18-bf31-8ee57915f7db", "name": "Headline Review"}, {"id": "2434c4b0-25d0-4a5c-9f73-430619e47650", "name": "Monica Murphy"}, {"id": "ebdee2a5-9f7f-4aa7-8020-0da430dfe21c", "name": "Thorsons"}, {"id": "d148aadd-26c8-4b2c-b536-494767179b87", "name": "Tyndale House Publishers"}, {"id": "f26cf4aa-f22a-413c-b16e-e9315856b3de", "name": "Hyperion Harper Collins"}, {"id": "d8be7110-9681-4b7d-a8d3-42a6bbf6cc98", "name": "Atria / Keywords Press"}, {"id": "2b9dfe46-9d1c-43f4-b564-95c220a1064c", "name": "Harper Collins"}, {"id": "bacc5ff1-d992-42a5-b1dc-2e6106b8fd94", "name": "Arrow Books"}, {"id": "4784ce7f-5f17-43fe-9eca-3764a20a55e6", "name": "Walker Books Ltd."}, {"id": "af6f0cc7-8283-4ae9-ad99-3421f9efb9f7", "name": "William Morrow / HarperCollins / Harper Perennial"}, {"id": "47e03ea9-3082-4384-b0ad-d0eb8fb4cb50", "name": "Little Brown & Co."}, {"id": "ae74eb7e-775b-406e-8118-3663cf639d3f", "name": "W.W. Norton & Company (NYC)"}, {"id": "89098d61-80c0-4898-be2f-1a70769db674", "name": "Nancy Paulsen Books"}, {"id": "f452062a-d6d8-4952-b817-52623efd416a", "name": "Hachette Books"}, {"id": "91953e88-de2e-4987-a55e-32f230de9b82", "name": "Headline"}, {"id": "ff1f52fc-3a37-4f24-955b-72b21177fdff", "name": "Little Brown"}, {"id": "169da3be-7bda-41b5-8a8e-ebd600578162", "name": "Margaret K. McElderry Books"}, {"id": "1f96a100-9371-48c3-b667-e239bf9c4674", "name": "W. W. Norton & Company"}, {"id": "85bb2b6e-f7bd-40e4-aff5-1df5b50eb2c5", "name": "Laurelin Paige"}, {"id": "9d9cd3f3-0285-475b-a443-9578feda39c3", "name": "HarperPerennial Modern Classics"}, {"id": "b56bae46-ff45-4ac0-aed8-b1ec010d766e", "name": "HarperCollins Publishers Ltd"}, {"id": "24785ff6-d3d0-4554-a280-2be9c1182cae", "name": "Pan"}, {"id": "7cc42638-f7a6-4e67-88df-06212b26c910", "name": "Free Press"}, {"id": "1398e094-ea0b-40cc-8376-be2721761e17", "name": "Hodder & Stoughton"}, {"id": "d51900e7-0508-49ca-b258-64884d49e2bc", "name": "Yen Press"}, {"id": "2280b877-43a9-4b00-ba35-ee1638c73dba", "name": "Thomas & Mercer"}, {"id": "2785128b-4e17-4742-a92a-697fe41386fe", "name": "VIZ, LLC"}, {"id": "9b0b8d26-3c20-4d2a-af58-8e9809388d82", "name": "Addison Wesley Publishing Company"}, {"id": "914fdbdf-eec1-41a5-8140-0fd7179b3e44", "name": "Doubleday Canada"}, {"id": "b55b2fb8-ee82-4e6a-8aab-3f38f34d6bac", "name": "Back Bay Books"}, {"id": "bb62a303-1c8b-42a9-8af5-06dab6a85451", "name": "Hyperion Book CH"}, {"id": "65457fe7-f8dc-45d3-ba21-57b76ea3f0d1", "name": "Touchstone Books"}, {"id": "e482353b-beb7-4ee2-b4b1-7ead8b3eb3ce", "name": "Amy Einhorn Books/Putnam"}, {"id": "833a6baf-9a85-4219-a19e-68c297587506", "name": "Sourcebooks Casablanca"}, {"id": "e1705477-3217-482e-9437-df3e61f9a795", "name": "Random House (NY)"}, {"id": "a445ea50-c4cd-4571-a8a6-11c91887adb7", "name": "Shadow Mountain"}, {"id": "c491da0b-5ef2-481e-8b6b-f50c754aade0", "name": "Atheneum Books for Young Readers"}, {"id": "b8157ba1-0131-4a74-82ba-443c89cb8c42", "name": "Child's Play International"}, {"id": "86255adf-5fc9-4a06-8ee1-00ad4f001af4", "name": "Miramax"}, {"id": "920705f5-63cb-4485-93b8-9571a69ba3e0", "name": "ReganBooks"}, {"id": "6a5a8982-d986-4411-9ebf-060cd858a38b", "name": "Simon & Schuster Children's Publishing"}, {"id": "637f0ee4-841e-4b58-afd2-3fa975499156", "name": "Viking"}, {"id": "d8746cb6-de57-45fe-8120-a37e8707590b", "name": "Pocket Books/MTV Books"}, {"id": "5116ca8c-4ee9-4931-aeb4-5944455a3c51", "name": "Reagan Arthur Books"}, {"id": "5acb7824-66d0-4ec4-8e6a-80827653d6a3", "name": "IDW Publishing"}, {"id": "2eac0862-6b20-41ae-b6bc-e6683195ee95", "name": "BOOM! Box"}, {"id": "9a981790-5877-4489-8e22-9c3d34c8ff62", "name": "HQN Books"}, {"id": "8fa2f887-ed3f-4fdc-b695-6dc308bcd3f7", "name": "Beacon Press"}, {"id": "6b4ea6a8-76c9-4a61-9f02-946ff4ee5c72", "name": "Simon Pulse Simon Schuster"}, {"id": "57740e70-aebc-431b-a587-04a18dcaa38e", "name": "Orb Books"}, {"id": "5d474a40-43d5-407f-90eb-75d87cb9252d", "name": "Chicken House"}, {"id": "39fa375e-83eb-48e5-a662-40233d47a5a8", "name": "Quirk Books"}, {"id": "451da657-6a4b-4750-be17-6d9e42c67528", "name": "Entangled Teen"}, {"id": "5b59b057-da6b-40b2-b9a2-5e27df936a82", "name": "Knopf Canada"}, {"id": "a1560f84-5339-4c5f-baf2-dd3ad36b9926", "name": "Wizards of the Coast"}, {"id": "9515dc77-a058-4547-958e-099c092e1f75", "name": "Turtleback"}, {"id": "84c912f5-bb91-4731-820b-5a36f9115b5e", "name": "HarperCollins Children's Books"}, {"id": "413f938e-8484-4d91-9b7b-f5c9c241dfc0", "name": "G.P. Putnam's Sons"}, {"id": "c5568a2d-098f-4c20-bc19-e400b099bd89", "name": "VIZ Media"}, {"id": "40e00e18-98fd-4b96-8be9-1866cc1d17e5", "name": "Doubleday UK"}, {"id": "bf6c8615-0975-4cb4-99e9-2e23fa94ede5", "name": "Children's Classics"}, {"id": "466123d8-741d-4338-8c89-1a60fa9fb965", "name": "Yearling Books"}, {"id": "4e80b4d5-cc57-4141-8404-c275b39fe5a2", "name": "B E Trice Pub"}, {"id": "c385943e-8896-413a-b41c-bf131d0f909f", "name": "Henry Holt and Company"}, {"id": "068f76fc-44d0-4692-8bb5-bd77b4828ab4", "name": "Voyager"}, {"id": "82848e2b-1b43-48df-aab8-416880e8637c", "name": "Penguin Razorbill"}, {"id": "a17229e0-575c-40ea-9ab1-82110a8493d7", "name": "Shaye Areheart Books"}, {"id": "fb1035ac-f36a-46ae-8d3d-a2853284aefe", "name": "Smithmark Publishers"}, {"id": "7876b1b2-0d8e-4fbb-963d-e3d5117f9297", "name": "Fawcett Crest"}, {"id": "09c5330b-0b57-4f26-a6e2-bc0935695506", "name": "Speak/Puffin/Penguin Group"}, {"id": "8948a82f-c4c9-43a1-8fb4-1165d5e6dcda", "name": "Applewood Books"}, {"id": "a266637e-ae6c-4d4b-93bd-7f3b551cfe19", "name": "Perennial / William Morrow / HarperCollins"}, {"id": "83ad2d03-98ef-4be0-a80b-aadbe4346bbd", "name": "Eakin Films & Publishing"}, {"id": "0e34b172-40ba-46fe-ba2f-3549a85aaccb", "name": "Berkley Trade"}, {"id": "556ed217-ab9b-44d0-99b8-2951d8f64ebd", "name": "Seal Books"}, {"id": "f52a19bf-e746-41c2-80cc-db873978f5d9", "name": "Black Swan"}, {"id": "9e26e5eb-5353-47e6-aa6c-a6edc3c6e3f1", "name": "Random House Books for Young Readers"}, {"id": "585e66b3-eeb7-4def-91bc-2bd8d886ae23", "name": "MTV Books and Pocket Books"}, {"id": "00119cb3-e3a4-4329-a40f-6a3c2919e106", "name": "Crown Publishing Group"}, {"id": "43977097-334d-4465-b609-153d39858c67", "name": "Norton"}, {"id": "a3e91520-991f-4268-a707-be98ee185234", "name": "Balzer + Bray"}, {"id": "707b2ea4-a780-4e0e-9e16-917bb0223dba", "name": "Omnific Publishing"}, {"id": "2e631687-1526-4cbf-8204-e3dd9b30376c", "name": "Scholastic Inc"}, {"id": "353e5817-c815-446f-8dd9-b336f689ad57", "name": "Momentum"}, {"id": "89753264-4e59-48f5-83b3-4918fbd18e47", "name": "Random House Australia"}, {"id": "7fa78369-8b0a-4ce1-88c7-843fcc063442", "name": "Filiquarian Publishing, LLC."}, {"id": "6cf07c86-4e51-404c-86ed-f6f4203a3162", "name": "Atria/Emily Bestler Books"}, {"id": "fecd5130-1969-4838-891b-66bc35e301a5", "name": "Wendy Lamb Books"}, {"id": "5f98702c-66b8-4c98-b0b4-9f8b9a6f2fcb", "name": "Business Plus"}, {"id": "8daead7e-d417-4f9a-abcd-2abd3708bf58", "name": "Saga Press"}, {"id": "97eec8f8-e0c7-4ad7-b394-74f62e0be103", "name": "Sourcebooks, Incorporated"}, {"id": "c94964c6-8395-4d0d-96ee-8af50f2e80dd", "name": "Akashic Books"}, {"id": "e09cec63-2553-4a79-9150-b45b5be40088", "name": "Howard Publishing Co"}, {"id": "85833050-9143-456d-9bdd-f7243bcc2fee", "name": "Laurel-Leaf Books"}, {"id": "fae442e1-a35a-4600-b4a7-3f9ec8fe76ad", "name": "Tor Classics"}, {"id": "a86406b1-6cc1-44d4-8f7e-77557fc63567", "name": "VIZ Media, LLC"}, {"id": "407c4c3a-fabb-4378-be4e-f3e458f905fb", "name": "Century"}, {"id": "3bc8fd5c-b394-4b33-bc6a-06be7a43de0b", "name": "Henry Holt and Co. (BYR)"}, {"id": "9aac662d-aaac-4b8e-8c8f-84d3419e0093", "name": "Amy Einhorn: Putnam"}, {"id": "fbe2d912-e3f4-43c2-baa6-3947f41ac77c", "name": "Rupa Publications"}, {"id": "9e69df63-e531-4c3b-ba9b-c4572f0e55a7", "name": "Orion Publishing Group"}, {"id": "f94b3f66-2ede-41e4-9b7b-a2a83e492fac", "name": "Dutton"}, {"id": "8b225007-653b-470e-bc69-d9fb88e326af", "name": "Disney - Hyperion Books"}, {"id": "68be21d5-a0dc-4d38-abb3-c0de935dca44", "name": "Barnes & Noble"}, {"id": "357d84cf-6282-44cb-b761-c8a659150278", "name": "Random House Vintage"}, {"id": "7102683f-4ff2-4cc4-b981-f986d894b8a5", "name": "Marvel Comics"}, {"id": "e5e88d5c-2108-4f02-9ca5-0d8c1d247431", "name": "Houghton Mifflin Books for Children"}, {"id": "62a9bbe9-27c6-40bc-8386-43b12378e443", "name": "Indulgence (Entangled)"}, {"id": "3f6a43d1-67b1-4cf4-bce2-32f3f348a724", "name": "Sterling"}, {"id": "2868e21d-7cde-4f4a-acf0-2469dfede98c", "name": "Harlequin"}, {"id": "99046602-34cb-4b8d-b41c-1f4e22b99054", "name": "Lang Leav"}, {"id": "6f250682-98c6-46cd-9f71-b453dc1d5ced", "name": "It Books"}, {"id": "9a6a8fba-0f9e-455e-b3c9-853b21992af2", "name": "Tom Doherty Associates, LLC"}, {"id": "c1618c45-0546-4d01-a2f0-05b00aed7bcb", "name": "New English Library (Hodder & Stoughton)"}, {"id": "78da76e6-b699-440d-9e04-0f60c6116bf3", "name": "Time Warner AudioBooks"}, {"id": "a1cf464b-f1ee-4124-b7a9-8dea2ddd353d", "name": "Roc Hardcover"}, {"id": "70a904ef-ea7f-4fc3-a470-6c98d1016e02", "name": "New Directions"}, {"id": "658acaf9-56c6-4068-a0ac-bf6ad27610e2", "name": "Penguin Group USA Inc."}, {"id": "f7a926ae-dca1-4809-8535-0c88013b1cbc", "name": "Corgi Books"}, {"id": "e900f58b-b929-4038-88f9-35f811ed2857", "name": "Simon & Schuster Books For Young Readers"}, {"id": "3f14465d-f454-4292-b576-f62e00e9bec4", "name": "Kensington"}, {"id": "e8477af4-b36c-4a41-b5d0-28b8ab8ae6fd", "name": "Ember"}, {"id": "acf64824-c1fb-41ba-aaa2-4e6d054d10c9", "name": "Michael Joseph LTD"}, {"id": "c5ffd058-e229-4ad8-b5d7-3023f5d9bb66", "name": "Albert Whitman  Company"}, {"id": "66e9b0be-3042-40d7-be69-66672ba3beb5", "name": "Arrow Books Ltd"}, {"id": "36399515-9ee3-484f-a475-dc9aebfdada0", "name": "Scholastic, Inc."}, {"id": "eaaea923-0e94-4c9e-811a-9dcf1041e559", "name": "Little, Brown"}, {"id": "b543e89c-05fa-42e0-88ab-9d252b20af3d", "name": "Knopf Publishing Group"}, {"id": "e568cf59-b191-449e-a802-3cb185f5f04c", "name": "Plume Books"}, {"id": "5c038b3d-59d3-4865-9bc6-582d07da575f", "name": "Hyperion Books for Children"}, {"id": "0c2f81b6-d5f4-4035-b67d-dffa2f5ea63d", "name": "Crown Publishers"}, {"id": "1c581398-6b6b-4681-a7cc-1dade268a073", "name": "Harcourt Brace"}, {"id": "d9d0780f-b741-4046-a6d7-a62374a11ebc", "name": "Corgi Childrens"}, {"id": "2253cb85-46f5-41dc-bb96-666765b1f26a", "name": "Victor Gollancz"}, {"id": "2f7229dc-1cfc-4f37-8f17-72942afa8425", "name": "America's Best Comics"}, {"id": "82d727fd-1467-44af-8c3f-2c9d1a1aede9", "name": "Sylvia Day"}, {"id": "c022e8d7-6dd9-4028-9d62-dedd78ac9920", "name": "Mysterious Press"}, {"id": "ad5b364f-e6b0-4da5-9ce2-185792c00112", "name": "Pageturners"}, {"id": "001c9943-1b42-48df-ba57-c29a7adc371c", "name": "Amulet books"}, {"id": "4c4a251f-a014-4b9d-b51e-c16c5b034f44", "name": "William Morrow & Company"}, {"id": "8afe835a-64ec-4658-a4a5-66c04d0af3bb", "name": "HarperCollinsPublishers"}, {"id": "c7a7a358-a213-44f0-8a77-a72473a14e37", "name": "Plaza y Janes"}, {"id": "d71a8dec-babf-4c36-bcff-2d80503a3d32", "name": "Seuil"}, {"id": "20297343-bf3a-4e85-b7de-9c4621318787", "name": "Pocket Star"}, {"id": "35357c7a-226b-454f-b259-aaff826ab8d1", "name": "Del Rey / Ballantine Books"}, {"id": "1945e526-ad1e-48d1-9402-46027fed826a", "name": "Algonquin Books"}, {"id": "7c0d378e-0399-4a8a-bc00-3c261c47b71c", "name": "Virago"}, {"id": "62965018-cf03-45c7-8f91-9b0075c83ada", "name": "ACE Books"}, {"id": "e8930480-872d-4a5b-a47c-c74a048ca0ec", "name": "Harry N. Abrams"}, {"id": "c24c16fc-4895-4f31-9126-4e8e766a43d1", "name": "Harvill Secker"}, {"id": "b80a6453-3f44-4332-ba5f-f1ce5b67d7ca", "name": "Signet/New American Library"}, {"id": "799b14dc-be8a-4176-837d-0d088de53cab", "name": "Canongate Books"}, {"id": "e0f8b075-8310-4822-9b07-e3afb74e63c6", "name": "Simon & Schuster, Margaret K. McElderry"}, {"id": "a3940a2b-7236-4a96-ab2e-b49cd9346fef", "name": "Scribner Paperback Fiction"}, {"id": "80211706-959e-4828-ad9e-ac11d56cf941", "name": "Grand Central Publishing (Hachette Book Group)"}, {"id": "25529654-b345-4b6a-b1f4-f7a99e658016", "name": "Random House: Modern Library"}, {"id": "c2071eda-516d-403a-a240-c273c0a711f9", "name": "Hartorch"}, {"id": "3fe8dc9f-38d8-4622-b6f3-89f3d55a9501", "name": "Europa Editions"}, {"id": "e210ad4d-3018-4d38-a67c-0aef7f755871", "name": "Dutton Children's"}, {"id": "0524985a-52a2-497e-91ec-9ece9173f272", "name": "Oxford University Press, USA"}, {"id": "410a8bed-fcd1-40a7-b8a1-99f298dc4ff1", "name": "Random House Children's Books"}, {"id": "44feac19-286c-4096-a074-d89e1f9029c4", "name": "Rerum Publishing House"}]