{
  "StartAt": "Wait",
  "States": {
    "Wait": {
      "Type": "Wait",
      "Seconds": 30,
      "Next": "EventBridge_PutEvents"
    },
    "EventBridge_PutEvents": {
      "Type": "Task",
      "Resource": "arn:aws:states:::events:putEvents",
      "Parameters": {
        "Entries": [
          {
            "Detail.$": "$.detail",
            "DetailType.$": "$.detail-type",
            "EventBusName": "orderEventBus",
            "Source": "events"
          }
        ]
      },
      "End": true
    }
  }
}