{"inventory":[{"id": "15676", "inventory": 51}, {"id": "14064", "inventory": 50}, {"id": "186074", "inventory": 4}, {"id": "4954833", "inventory": 25}, {"id": "64481", "inventory": 74}, {"id": "191113", "inventory": 69}, {"id": "6936382", "inventory": 75}, {"id": "28815474", "inventory": 12}, {"id": "22206", "inventory": 66}, {"id": "73070", "inventory": 100}, {"id": "298230", "inventory": 69}, {"id": "6068551", "inventory": 60}, {"id": "7907803", "inventory": 27}, {"id": "3432478", "inventory": 9}, {"id": "402093", "inventory": 76}, {"id": "15751404", "inventory": 31}, {"id": "12067", "inventory": 25}, {"id": "20448515", "inventory": 68}, {"id": "341879", "inventory": 48}, {"id": "11946245", "inventory": 21}, {"id": "11100431", "inventory": 26}, {"id": "21686", "inventory": 23}, {"id": "6463967", "inventory": 16}, {"id": "7959473", "inventory": 85}, {"id": "46787", "inventory": 22}, {"id": "228665", "inventory": 42}, {"id": "768889", "inventory": 52}, {"id": "34492", "inventory": 77}, {"id": "5171", "inventory": 85}, {"id": "5174", "inventory": 10}, {"id": "18498558", "inventory": 56}, {"id": "14940", "inventory": 65}, {"id": "96358", "inventory": 29}, {"id": "9409458", "inventory": 18}, {"id": "28249", "inventory": 38}, {"id": "6421588", "inventory": 49}, {"id": "17910611", "inventory": 33}, {"id": "6131164", "inventory": 63}, {"id": "24431", "inventory": 34}, {"id": "9758764", "inventory": 23}, {"id": "13414676", "inventory": 92}, {"id": "40929", "inventory": 90}, {"id": "23876", "inventory": 23}, {"id": "23878", "inventory": 30}, {"id": "130440", "inventory": 49}, {"id": "32423", "inventory": 53}, {"id": "15704307", "inventory": 85}, {"id": "95431", "inventory": 81}, {"id": "2168860", "inventory": 75}, {"id": "7664334", "inventory": 38}, {"id": "4556058", "inventory": 2}, {"id": "1902241", "inventory": 58}, {"id": "1388813", "inventory": 53}, {"id": "32261", "inventory": 20}, {"id": "20819682", "inventory": 94}, {"id": "659612", "inventory": 84}, {"id": "37743", "inventory": 64}, {"id": "19286623", "inventory": 27}, {"id": "13834", "inventory": 4}, {"id": "13836", "inventory": 21}, {"id": "9557", "inventory": 14}, {"id": "17733898", "inventory": 44}, {"id": "14570", "inventory": 87}, {"id": "1672727", "inventory": 34}, {"id": "682804", "inventory": 9}, {"id": "7714", "inventory": 20}, {"id": "13154150", "inventory": 32}, {"id": "41977", "inventory": 33}, {"id": "106085", "inventory": 8}, {"id": "59716", "inventory": 5}, {"id": "31259", "inventory": 20}, {"id": "8621462", "inventory": 18}, {"id": "9118135", "inventory": 46}, {"id": "830", "inventory": 13}, {"id": "110494", "inventory": 11}, {"id": "3992598", "inventory": 18}, {"id": "14497", "inventory": 100}, {"id": "15842441", "inventory": 94}, {"id": "8581936", "inventory": 41}, {"id": "6512154", "inventory": 31}, {"id": "101299", "inventory": 59}, {"id": "11334", "inventory": 28}, {"id": "9681214", "inventory": 94}, {"id": "30260", "inventory": 41}, {"id": "17262203", "inventory": 82}, {"id": "125507", "inventory": 6}, {"id": "13104080", "inventory": 92}, {"id": "6567017", "inventory": 30}, {"id": "32067", "inventory": 7}, {"id": "703292", "inventory": 10}, {"id": "6267237", "inventory": 68}, {"id": "114144", "inventory": 64}, {"id": "7747374", "inventory": 59}, {"id": "6514074", "inventory": 38}, {"id": "10155", "inventory": 10}, {"id": "91253", "inventory": 19}, {"id": "9712", "inventory": 28}, {"id": "9717", "inventory": 90}, {"id": "783291", "inventory": 82}, {"id": "6487308", "inventory": 81}, {"id": "15704459", "inventory": 4}, {"id": "6839093", "inventory": 79}, {"id": "61666", "inventory": 21}, {"id": "15195", "inventory": 74}, {"id": "15196", "inventory": 20}, {"id": "16101128", "inventory": 33}, {"id": "6001758", "inventory": 79}, {"id": "74036", "inventory": 4}, {"id": "13436373", "inventory": 73}, {"id": "5659", "inventory": 11}, {"id": "15704486", "inventory": 85}, {"id": "5391115", "inventory": 57}, {"id": "2794", "inventory": 18}, {"id": "130580", "inventory": 69}, {"id": "8492825", "inventory": 83}, {"id": "6687", "inventory": 24}, {"id": "8475505", "inventory": 43}, {"id": "22283", "inventory": 87}, {"id": "266904", "inventory": 9}, {"id": "8667848", "inventory": 40}, {"id": "395871", "inventory": 66}, {"id": "815234", "inventory": 11}, {"id": "18989", "inventory": 53}, {"id": "5932", "inventory": 67}, {"id": "31242", "inventory": 18}, {"id": "1885", "inventory": 26}, {"id": "73086", "inventory": 66}, {"id": "73080", "inventory": 12}, {"id": "280277", "inventory": 33}, {"id": "286957", "inventory": 12}, {"id": "93007", "inventory": 50}, {"id": "39031", "inventory": 24}, {"id": "12873", "inventory": 50}, {"id": "6294", "inventory": 7}, {"id": "4494917", "inventory": 69}, {"id": "2169506", "inventory": 78}, {"id": "277191", "inventory": 47}, {"id": "140225", "inventory": 73}, {"id": "14942", "inventory": 25}, {"id": "853510", "inventory": 79}, {"id": "30241", "inventory": 88}, {"id": "6393631", "inventory": 33}, {"id": "6578507", "inventory": 15}, {"id": "180617", "inventory": 24}, {"id": "395090", "inventory": 30}, {"id": "9542439", "inventory": 80}, {"id": "497199", "inventory": 23}, {"id": "16131032", "inventory": 69}, {"id": "301082", "inventory": 86}, {"id": "9395215", "inventory": 32}, {"id": "28187230", "inventory": 54}, {"id": "26114135", "inventory": 96}, {"id": "469901", "inventory": 63}, {"id": "22609310", "inventory": 59}, {"id": "65118", "inventory": 82}, {"id": "19286669", "inventory": 50}, {"id": "7035", "inventory": 80}, {"id": "29437949", "inventory": 55}, {"id": "387749", "inventory": 90}, {"id": "18423", "inventory": 82}, {"id": "17799", "inventory": 50}, {"id": "67238", "inventory": 74}, {"id": "13572249", "inventory": 30}, {"id": "219205", "inventory": 28}, {"id": "11901", "inventory": 18}, {"id": "9637479", "inventory": 29}, {"id": "401679", "inventory": 49}, {"id": "17800", "inventory": 63}, {"id": "28195", "inventory": 29}, {"id": "28194", "inventory": 17}, {"id": "9615347", "inventory": 21}, {"id": "15753740", "inventory": 64}, {"id": "12700306", "inventory": 16}, {"id": "29127", "inventory": 33}, {"id": "38500", "inventory": 94}, {"id": "350", "inventory": 36}, {"id": "3562", "inventory": 55}, {"id": "6654313", "inventory": 90}, {"id": "156538", "inventory": 42}, {"id": "156530", "inventory": 25}, {"id": "13486122", "inventory": 93}, {"id": "401514", "inventory": 78}, {"id": "248482", "inventory": 55}, {"id": "248484", "inventory": 5}, {"id": "1625", "inventory": 6}, {"id": "3227063", "inventory": 98}, {"id": "13615258", "inventory": 77}, {"id": "70401", "inventory": 68}, {"id": "18079804", "inventory": 8}, {"id": "126232", "inventory": 35}, {"id": "10914", "inventory": 14}, {"id": "10913", "inventory": 16}, {"id": "5797", "inventory": 88}, {"id": "6534", "inventory": 33}, {"id": "32424", "inventory": 44}, {"id": "13152194", "inventory": 35}, {"id": "9307674", "inventory": 6}, {"id": "8811134", "inventory": 4}, {"id": "8559047", "inventory": 27}, {"id": "176327", "inventory": 90}, {"id": "157993", "inventory": 100}, {"id": "391729", "inventory": 98}, {"id": "16131489", "inventory": 19}, {"id": "5983694", "inventory": 66}, {"id": "8921", "inventory": 19}, {"id": "24781", "inventory": 12}, {"id": "24782", "inventory": 66}, {"id": "46777", "inventory": 21}, {"id": "10600242", "inventory": 68}, {"id": "3047848", "inventory": 33}, {"id": "5821978", "inventory": 80}, {"id": "7686667", "inventory": 34}, {"id": "60792", "inventory": 21}, {"id": "17378527", "inventory": 94}, {"id": "6431790", "inventory": 68}, {"id": "23766634", "inventory": 70}, {"id": "13596809", "inventory": 97}, {"id": "153025", "inventory": 43}, {"id": "5091", "inventory": 17}, {"id": "5096", "inventory": 71}, {"id": "544891", "inventory": 97}, {"id": "28381", "inventory": 46}, {"id": "18693716", "inventory": 99}, {"id": "12649718", "inventory": 45}, {"id": "6255144", "inventory": 17}, {"id": "29999", "inventory": 25}, {"id": "7857195", "inventory": 100}, {"id": "22522805", "inventory": 17}, {"id": "20910157", "inventory": 35}, {"id": "30240", "inventory": 28}, {"id": "3522419", "inventory": 83}, {"id": "356896", "inventory": 78}, {"id": "228296", "inventory": 93}, {"id": "9597", "inventory": 92}, {"id": "21436", "inventory": 44}, {"id": "462033", "inventory": 16}, {"id": "385706", "inventory": 84}, {"id": "11566", "inventory": 21}, {"id": "18528454", "inventory": 97}, {"id": "826845", "inventory": 75}, {"id": "68494", "inventory": 78}, {"id": "11084145", "inventory": 3}, {"id": "3754026", "inventory": 78}, {"id": "18667307", "inventory": 80}, {"id": "10583", "inventory": 92}, {"id": "104379", "inventory": 67}, {"id": "615570", "inventory": 68}, {"id": "41899", "inventory": 65}, {"id": "147915", "inventory": 90}, {"id": "58889", "inventory": 36}, {"id": "106", "inventory": 78}, {"id": "51496", "inventory": 25}, {"id": "18667945", "inventory": 91}, {"id": "62446", "inventory": 22}, {"id": "46199", "inventory": 13}, {"id": "17349203", "inventory": 45}, {"id": "13324841", "inventory": 94}, {"id": "42156", "inventory": 94}, {"id": "91479", "inventory": 88}, {"id": "91474", "inventory": 2}, {"id": "34510", "inventory": 31}, {"id": "34517", "inventory": 60}, {"id": "6644117", "inventory": 34}, {"id": "3934321", "inventory": 2}, {"id": "4980", "inventory": 44}, {"id": "4982", "inventory": 68}, {"id": "517188", "inventory": 28}, {"id": "12820793", "inventory": 50}, {"id": "659469", "inventory": 86}, {"id": "11762", "inventory": 69}, {"id": "18465566", "inventory": 18}, {"id": "150037", "inventory": 45}, {"id": "10215349", "inventory": 47}, {"id": "43328", "inventory": 40}, {"id": "16902", "inventory": 68}, {"id": "12296", "inventory": 17}, {"id": "11989", "inventory": 45}, {"id": "11987", "inventory": 68}, {"id": "6138", "inventory": 19}, {"id": "6931356", "inventory": 86}, {"id": "43545", "inventory": 4}, {"id": "10614", "inventory": 34}, {"id": "8337", "inventory": 49}, {"id": "13079", "inventory": 52}, {"id": "40445", "inventory": 80}, {"id": "13206760", "inventory": 69}, {"id": "153540", "inventory": 46}, {"id": "6134826", "inventory": 34}, {"id": "59822", "inventory": 11}, {"id": "385742", "inventory": 35}, {"id": "9673436", "inventory": 43}, {"id": "28676", "inventory": 97}, {"id": "3836", "inventory": 11}, {"id": "41865", "inventory": 41}, {"id": "2118745", "inventory": 4}, {"id": "6361871", "inventory": 62}, {"id": "23734628", "inventory": 84}, {"id": "11387515", "inventory": 63}, {"id": "37415", "inventory": 32}, {"id": "9464733", "inventory": 38}, {"id": "431", "inventory": 19}, {"id": "3805", "inventory": 94}, {"id": "17231", "inventory": 67}, {"id": "7402393", "inventory": 27}, {"id": "89187", "inventory": 72}, {"id": "6400090", "inventory": 97}, {"id": "8835379", "inventory": 91}, {"id": "18243700", "inventory": 80}, {"id": "12591698", "inventory": 84}, {"id": "25099", "inventory": 44}, {"id": "16141924", "inventory": 62}, {"id": "28251", "inventory": 24}, {"id": "22489107", "inventory": 70}, {"id": "272315", "inventory": 17}, {"id": "91477", "inventory": 26}, {"id": "11431896", "inventory": 66}, {"id": "49041", "inventory": 1}, {"id": "52635", "inventory": 65}, {"id": "8732", "inventory": 87}, {"id": "7797874", "inventory": 15}, {"id": "325128", "inventory": 65}, {"id": "13497818", "inventory": 20}, {"id": "23513349", "inventory": 49}, {"id": "16119079", "inventory": 94}, {"id": "160629", "inventory": 42}, {"id": "6871617", "inventory": 21}, {"id": "1062516", "inventory": 62}, {"id": "31173", "inventory": 35}, {"id": "218427", "inventory": 49}, {"id": "480479", "inventory": 67}, {"id": "12127810", "inventory": 81}, {"id": "10128428", "inventory": 71}, {"id": "608474", "inventory": 86}, {"id": "17888952", "inventory": 22}, {"id": "337113", "inventory": 37}, {"id": "3579", "inventory": 66}, {"id": "7095831", "inventory": 81}, {"id": "10428708", "inventory": 47}, {"id": "5203", "inventory": 46}, {"id": "5204", "inventory": 6}, {"id": "10790277", "inventory": 42}, {"id": "52357", "inventory": 58}, {"id": "73186", "inventory": 37}, {"id": "7624", "inventory": 91}, {"id": "6512140", "inventory": 92}, {"id": "16065004", "inventory": 62}, {"id": "18467802", "inventory": 11}, {"id": "28204534", "inventory": 26}, {"id": "359770", "inventory": 76}, {"id": "24529123", "inventory": 98}, {"id": "6393047", "inventory": 47}, {"id": "17343", "inventory": 21}, {"id": "122967", "inventory": 95}, {"id": "15595", "inventory": 92}, {"id": "6758331", "inventory": 44}, {"id": "2753843", "inventory": 20}, {"id": "7126", "inventory": 14}, {"id": "6469165", "inventory": 2}, {"id": "13477676", "inventory": 85}, {"id": "13099738", "inventory": 30}, {"id": "7996", "inventory": 80}, {"id": "792161", "inventory": 9}, {"id": "333538", "inventory": 37}, {"id": "7912007", "inventory": 56}, {"id": "5972040", "inventory": 100}, {"id": "19321", "inventory": 36}, {"id": "45162", "inventory": 10}, {"id": "156427", "inventory": 25}, {"id": "84979", "inventory": 24}, {"id": "813214", "inventory": 39}, {"id": "100365", "inventory": 57}, {"id": "24244", "inventory": 28}, {"id": "150739", "inventory": 87}, {"id": "11250317", "inventory": 67}, {"id": "7719245", "inventory": 81}, {"id": "11331421", "inventory": 12}, {"id": "33151805", "inventory": 48}, {"id": "24094", "inventory": 57}, {"id": "336161", "inventory": 78}, {"id": "243705", "inventory": 9}, {"id": "5246", "inventory": 1}, {"id": "114230", "inventory": 87}, {"id": "7735333", "inventory": 60}, {"id": "747746", "inventory": 65}, {"id": "20613470", "inventory": 32}, {"id": "11614718", "inventory": 23}, {"id": "29580", "inventory": 58}, {"id": "10967", "inventory": 2}, {"id": "10964", "inventory": 7}, {"id": "1651302", "inventory": 16}, {"id": "5805", "inventory": 12}, {"id": "15731779", "inventory": 67}, {"id": "78039", "inventory": 88}, {"id": "4671", "inventory": 87}, {"id": "13563669", "inventory": 53}, {"id": "5231173", "inventory": 67}, {"id": "25855506", "inventory": 73}, {"id": "17860199", "inventory": 67}, {"id": "767680", "inventory": 62}, {"id": "192893", "inventory": 52}, {"id": "227603", "inventory": 58}, {"id": "3657138", "inventory": 41}, {"id": "375013", "inventory": 32}, {"id": "10065", "inventory": 17}, {"id": "127586", "inventory": 49}, {"id": "846984", "inventory": 98}, {"id": "2547", "inventory": 16}, {"id": "298567", "inventory": 86}, {"id": "2743", "inventory": 81}, {"id": "7938275", "inventory": 6}, {"id": "6547188", "inventory": 87}, {"id": "6547187", "inventory": 66}, {"id": "65605", "inventory": 94}, {"id": "28186", "inventory": 88}, {"id": "301736", "inventory": 33}, {"id": "17899948", "inventory": 99}, {"id": "10626594", "inventory": 100}, {"id": "16101018", "inventory": 62}, {"id": "3950967", "inventory": 99}, {"id": "138398", "inventory": 64}, {"id": "17855756", "inventory": 22}, {"id": "17333230", "inventory": 5}, {"id": "41681", "inventory": 74}, {"id": "23093359", "inventory": 46}, {"id": "1524173", "inventory": 76}, {"id": "31434883", "inventory": 23}, {"id": "3428935", "inventory": 83}, {"id": "18006496", "inventory": 21}, {"id": "9902804", "inventory": 18}, {"id": "16081961", "inventory": 4}, {"id": "17237214", "inventory": 96}, {"id": "7954556", "inventory": 58}, {"id": "6389704", "inventory": 55}, {"id": "6375845", "inventory": 4}, {"id": "3400816", "inventory": 23}, {"id": "68428", "inventory": 13}, {"id": "28763485", "inventory": 64}, {"id": "18373", "inventory": 8}, {"id": "3412", "inventory": 59}, {"id": "25100", "inventory": 57}, {"id": "25102", "inventory": 33}, {"id": "11563110", "inventory": 99}, {"id": "2832909", "inventory": 80}, {"id": "31456", "inventory": 80}, {"id": "3609760", "inventory": 5}, {"id": "13538873", "inventory": 51}, {"id": "6186357", "inventory": 86}, {"id": "6919272", "inventory": 95}, {"id": "9397967", "inventory": 19}, {"id": "3047851", "inventory": 34}, {"id": "13454149", "inventory": 56}, {"id": "30868", "inventory": 52}, {"id": "4701550", "inventory": 60}, {"id": "183822", "inventory": 90}, {"id": "12658", "inventory": 73}, {"id": "13183957", "inventory": 60}, {"id": "338691", "inventory": 62}, {"id": "11808950", "inventory": 4}, {"id": "899492", "inventory": 63}, {"id": "83369", "inventory": 65}, {"id": "693016", "inventory": 81}, {"id": "17623975", "inventory": 85}, {"id": "28356624", "inventory": 41}, {"id": "121749", "inventory": 89}, {"id": "6006518", "inventory": 41}, {"id": "17448960", "inventory": 31}, {"id": "12000020", "inventory": 4}, {"id": "910863", "inventory": 11}, {"id": "23305614", "inventory": 7}, {"id": "22917", "inventory": 43}, {"id": "40189", "inventory": 48}, {"id": "15994634", "inventory": 33}, {"id": "15768409", "inventory": 36}, {"id": "1421990", "inventory": 86}, {"id": "20898019", "inventory": 29}, {"id": "20518872", "inventory": 38}, {"id": "1656001", "inventory": 46}, {"id": "8492856", "inventory": 89}, {"id": "1809465", "inventory": 84}, {"id": "16213", "inventory": 73}, {"id": "225038", "inventory": 29}, {"id": "9736930", "inventory": 17}, {"id": "9300", "inventory": 77}, {"id": "9301", "inventory": 83}, {"id": "9303", "inventory": 24}, {"id": "21853621", "inventory": 75}, {"id": "3570231", "inventory": 18}, {"id": "36315", "inventory": 5}, {"id": "6427", "inventory": 75}, {"id": "691520", "inventory": 100}, {"id": "51070", "inventory": 92}, {"id": "6424171", "inventory": 97}, {"id": "282282", "inventory": 3}, {"id": "15812814", "inventory": 100}, {"id": "4703581", "inventory": 88}, {"id": "4345498", "inventory": 70}, {"id": "12611253", "inventory": 60}, {"id": "25893709", "inventory": 78}, {"id": "19448", "inventory": 69}, {"id": "9462795", "inventory": 86}, {"id": "4898", "inventory": 11}, {"id": "169879", "inventory": 41}, {"id": "28876", "inventory": 21}, {"id": "16096514", "inventory": 15}, {"id": "6289920", "inventory": 12}, {"id": "4066312", "inventory": 4}, {"id": "4008", "inventory": 42}, {"id": "3682", "inventory": 50}, {"id": "1661957", "inventory": 79}, {"id": "17411703", "inventory": 11}, {"id": "12657", "inventory": 73}, {"id": "6315602", "inventory": 95}, {"id": "62530", "inventory": 81}, {"id": "902", "inventory": 87}, {"id": "402045", "inventory": 66}, {"id": "127459", "inventory": 4}, {"id": "25346", "inventory": 3}, {"id": "17235026", "inventory": 78}, {"id": "248596", "inventory": 71}, {"id": "11594257", "inventory": 85}, {"id": "10959277", "inventory": 63}, {"id": "17212231", "inventory": 37}, {"id": "7519472", "inventory": 39}, {"id": "25179", "inventory": 98}, {"id": "80660", "inventory": 49}, {"id": "30271", "inventory": 80}, {"id": "5472", "inventory": 86}, {"id": "5470", "inventory": 53}, {"id": "10365", "inventory": 50}, {"id": "13448656", "inventory": 68}, {"id": "11557", "inventory": 4}, {"id": "13628209", "inventory": 64}, {"id": "4934", "inventory": 33}, {"id": "29059", "inventory": 34}, {"id": "6917952", "inventory": 17}, {"id": "16031620", "inventory": 3}, {"id": "304079", "inventory": 74}, {"id": "9961796", "inventory": 78}, {"id": "99561", "inventory": 39}, {"id": "3228917", "inventory": 16}, {"id": "16793", "inventory": 2}, {"id": "18816603", "inventory": 11}, {"id": "13206900", "inventory": 24}, {"id": "8442457", "inventory": 67}, {"id": "1420", "inventory": 89}, {"id": "1427", "inventory": 91}, {"id": "22328", "inventory": 15}, {"id": "50033", "inventory": 70}, {"id": "321552", "inventory": 17}, {"id": "34529", "inventory": 100}, {"id": "34527", "inventory": 71}, {"id": "24779", "inventory": 82}, {"id": "37526", "inventory": 52}, {"id": "11607446", "inventory": 68}, {"id": "12505", "inventory": 65}, {"id": "775597", "inventory": 23}, {"id": "13517535", "inventory": 66}, {"id": "11857408", "inventory": 95}, {"id": "17571564", "inventory": 73}, {"id": "18189606", "inventory": 78}, {"id": "830502", "inventory": 35}, {"id": "17690", "inventory": 54}, {"id": "17303", "inventory": 7}, {"id": "13262783", "inventory": 89}, {"id": "18693763", "inventory": 95}, {"id": "11713", "inventory": 47}, {"id": "13651", "inventory": 52}, {"id": "60400", "inventory": 27}, {"id": "1814843", "inventory": 37}, {"id": "833710", "inventory": 99}, {"id": "13596166", "inventory": 81}, {"id": "45101", "inventory": 19}, {"id": "920607", "inventory": 23}, {"id": "6316171", "inventory": 34}, {"id": "54499", "inventory": 89}, {"id": "9300768", "inventory": 40}, {"id": "13639050", "inventory": 36}, {"id": "175983", "inventory": 18}, {"id": "92780", "inventory": 18}, {"id": "48328", "inventory": 25}, {"id": "112750", "inventory": 15}, {"id": "285092", "inventory": 95}, {"id": "14891", "inventory": 22}, {"id": "6976", "inventory": 87}, {"id": "38501", "inventory": 11}, {"id": "7455", "inventory": 2}, {"id": "15654", "inventory": 33}, {"id": "15925", "inventory": 34}, {"id": "6437061", "inventory": 44}, {"id": "927979", "inventory": 14}, {"id": "4406", "inventory": 89}, {"id": "4407", "inventory": 92}, {"id": "17202452", "inventory": 48}, {"id": "6918909", "inventory": 68}, {"id": "4004", "inventory": 75}, {"id": "27523", "inventory": 59}, {"id": "826584", "inventory": 60}, {"id": "14836", "inventory": 54}, {"id": "331319", "inventory": 36}, {"id": "138959", "inventory": 86}, {"id": "34507", "inventory": 61}, {"id": "16002136", "inventory": 46}, {"id": "6566722", "inventory": 23}, {"id": "22510983", "inventory": 33}, {"id": "135836", "inventory": 13}, {"id": "165030", "inventory": 45}, {"id": "227463", "inventory": 61}, {"id": "11312", "inventory": 48}, {"id": "8069535", "inventory": 35}, {"id": "83674", "inventory": 60}, {"id": "76620", "inventory": 70}, {"id": "170453", "inventory": 38}, {"id": "3153910", "inventory": 24}, {"id": "7669", "inventory": 70}, {"id": "119324", "inventory": 44}, {"id": "674220", "inventory": 5}, {"id": "7540092", "inventory": 58}, {"id": "16099159", "inventory": 82}, {"id": "28881", "inventory": 90}, {"id": "10176", "inventory": 66}, {"id": "5759", "inventory": 46}, {"id": "474858", "inventory": 35}, {"id": "15985348", "inventory": 8}, {"id": "20821284", "inventory": 81}, {"id": "2410506", "inventory": 25}, {"id": "28541", "inventory": 13}, {"id": "13624688", "inventory": 60}, {"id": "15790873", "inventory": 59}, {"id": "13495034", "inventory": 65}, {"id": "17333324", "inventory": 73}, {"id": "9917938", "inventory": 27}, {"id": "27904311", "inventory": 10}, {"id": "5544", "inventory": 6}, {"id": "17930773", "inventory": 11}, {"id": "240976", "inventory": 21}, {"id": "6631792", "inventory": 60}, {"id": "10445208", "inventory": 42}, {"id": "1278752", "inventory": 12}, {"id": "180116", "inventory": 65}, {"id": "234225", "inventory": 23}, {"id": "6690979", "inventory": 41}, {"id": "22341263", "inventory": 21}, {"id": "13152", "inventory": 44}, {"id": "433533", "inventory": 13}, {"id": "57891", "inventory": 90}, {"id": "5358", "inventory": 64}, {"id": "9912994", "inventory": 32}, {"id": "13812", "inventory": 15}, {"id": "16286", "inventory": 78}, {"id": "292408", "inventory": 75}, {"id": "16034964", "inventory": 36}, {"id": "455925", "inventory": 76}, {"id": "11454587", "inventory": 60}, {"id": "15820748", "inventory": 24}, {"id": "38447", "inventory": 54}, {"id": "16790", "inventory": 10}, {"id": "11138", "inventory": 59}, {"id": "8573020", "inventory": 14}, {"id": "42369", "inventory": 30}, {"id": "568645", "inventory": 95}, {"id": "8379374", "inventory": 36}, {"id": "281433", "inventory": 14}, {"id": "12820360", "inventory": 51}, {"id": "26252859", "inventory": 100}, {"id": "46677", "inventory": 68}, {"id": "11300302", "inventory": 40}, {"id": "682920", "inventory": 59}, {"id": "7613", "inventory": 10}, {"id": "248704", "inventory": 48}, {"id": "11947829", "inventory": 56}, {"id": "7778981", "inventory": 75}, {"id": "9014", "inventory": 9}, {"id": "18584855", "inventory": 8}, {"id": "227711", "inventory": 49}, {"id": "18659623", "inventory": 95}, {"id": "8591107", "inventory": 44}, {"id": "4820", "inventory": 37}, {"id": "20698530", "inventory": 28}, {"id": "9439303", "inventory": 64}, {"id": "4570679", "inventory": 29}, {"id": "9503336", "inventory": 48}, {"id": "22910900", "inventory": 50}, {"id": "3217221", "inventory": 46}, {"id": "22554204", "inventory": 99}, {"id": "8680278", "inventory": 48}, {"id": "2657", "inventory": 69}, {"id": "8138071", "inventory": 73}, {"id": "10916", "inventory": 79}, {"id": "15790837", "inventory": 11}, {"id": "3293821", "inventory": 52}, {"id": "5509920", "inventory": 59}, {"id": "89716", "inventory": 100}, {"id": "89717", "inventory": 81}, {"id": "84140", "inventory": 80}, {"id": "91357", "inventory": 47}, {"id": "332613", "inventory": 39}, {"id": "60931", "inventory": 12}, {"id": "16248068", "inventory": 94}, {"id": "10599805", "inventory": 71}, {"id": "11597", "inventory": 2}, {"id": "518848", "inventory": 59}, {"id": "12283261", "inventory": 99}, {"id": "32508", "inventory": 32}, {"id": "18080920", "inventory": 53}, {"id": "330721", "inventory": 75}, {"id": "33724", "inventory": 72}, {"id": "547094", "inventory": 21}, {"id": "4588", "inventory": 48}, {"id": "9416", "inventory": 44}, {"id": "7182899", "inventory": 99}, {"id": "29797", "inventory": 75}, {"id": "5056084", "inventory": 66}, {"id": "2325825", "inventory": 98}, {"id": "25111004", "inventory": 39}, {"id": "102920", "inventory": 86}, {"id": "12396528", "inventory": 47}, {"id": "5191", "inventory": 61}, {"id": "136782", "inventory": 40}, {"id": "43814", "inventory": 57}, {"id": "24800", "inventory": 71}, {"id": "2679633", "inventory": 76}, {"id": "4865", "inventory": 8}, {"id": "1466455", "inventory": 57}, {"id": "26135825", "inventory": 34}, {"id": "6697305", "inventory": 45}, {"id": "13644055", "inventory": 12}, {"id": "9565548", "inventory": 57}, {"id": "15745950", "inventory": 46}, {"id": "80670", "inventory": 88}, {"id": "8662836", "inventory": 64}, {"id": "629", "inventory": 2}, {"id": "1297985", "inventory": 12}, {"id": "4921", "inventory": 95}, {"id": "66693", "inventory": 36}, {"id": "161099", "inventory": 12}, {"id": "38980", "inventory": 53}, {"id": "9593913", "inventory": 100}, {"id": "9593911", "inventory": 24}, {"id": "2318271", "inventory": 19}, {"id": "7165300", "inventory": 29}, {"id": "3049", "inventory": 82}, {"id": "106134", "inventory": 2}, {"id": "2152", "inventory": 56}, {"id": "1852", "inventory": 18}, {"id": "263147", "inventory": 94}, {"id": "263145", "inventory": 85}, {"id": "13330761", "inventory": 64}, {"id": "355916", "inventory": 5}, {"id": "8785374", "inventory": 45}, {"id": "11230081", "inventory": 7}, {"id": "13139", "inventory": 25}, {"id": "23093367", "inventory": 18}, {"id": "7263429", "inventory": 64}, {"id": "17029526", "inventory": 50}, {"id": "2998", "inventory": 38}, {"id": "865", "inventory": 8}, {"id": "6381205", "inventory": 94}, {"id": "2800905", "inventory": 44}, {"id": "937249", "inventory": 65}, {"id": "18131", "inventory": 57}, {"id": "12588363", "inventory": 20}, {"id": "25734248", "inventory": 56}, {"id": "31338", "inventory": 1}, {"id": "111450", "inventory": 89}, {"id": "784911", "inventory": 66}, {"id": "7569223", "inventory": 26}, {"id": "854757", "inventory": 75}, {"id": "23437156", "inventory": 57}, {"id": "21611", "inventory": 71}, {"id": "20572939", "inventory": 57}, {"id": "6479259", "inventory": 72}, {"id": "17876893", "inventory": 21}, {"id": "17876897", "inventory": 21}, {"id": "6289938", "inventory": 1}, {"id": "5886881", "inventory": 81}, {"id": "8652190", "inventory": 18}, {"id": "32692", "inventory": 36}, {"id": "50365", "inventory": 1}, {"id": "509784", "inventory": 91}, {"id": "11922", "inventory": 12}, {"id": "94319", "inventory": 73}, {"id": "25350", "inventory": 7}, {"id": "172327", "inventory": 11}, {"id": "140082", "inventory": 99}, {"id": "8564935", "inventory": 36}, {"id": "2498983", "inventory": 69}, {"id": "22034", "inventory": 85}, {"id": "32979", "inventory": 98}, {"id": "19380", "inventory": 72}, {"id": "30262", "inventory": 54}, {"id": "30263", "inventory": 26}, {"id": "30264", "inventory": 89}, {"id": "175004", "inventory": 56}, {"id": "33455", "inventory": 62}, {"id": "33457", "inventory": 91}, {"id": "33453", "inventory": 84}, {"id": "33458", "inventory": 71}, {"id": "18478222", "inventory": 23}, {"id": "19691", "inventory": 81}, {"id": "4214", "inventory": 39}, {"id": "16243", "inventory": 13}, {"id": "11768", "inventory": 31}, {"id": "7779059", "inventory": 19}, {"id": "7864437", "inventory": 34}, {"id": "348573", "inventory": 88}, {"id": "18635016", "inventory": 77}, {"id": "15645", "inventory": 95}, {"id": "6304335", "inventory": 21}, {"id": "9912", "inventory": 43}, {"id": "7784", "inventory": 73}, {"id": "226378", "inventory": 95}, {"id": "13536649", "inventory": 97}, {"id": "3552023", "inventory": 34}, {"id": "428263", "inventory": 5}, {"id": "17131869", "inventory": 99}, {"id": "22628", "inventory": 33}, {"id": "481446", "inventory": 73}, {"id": "19494", "inventory": 16}, {"id": "5308", "inventory": 54}, {"id": "72193", "inventory": 85}, {"id": "3867", "inventory": 35}, {"id": "2213324", "inventory": 9}, {"id": "32075671", "inventory": 45}, {"id": "6310", "inventory": 46}, {"id": "11607", "inventory": 11}, {"id": "2722413", "inventory": 34}, {"id": "13496", "inventory": 94}, {"id": "774001", "inventory": 97}, {"id": "3686", "inventory": 34}, {"id": "10140661", "inventory": 83}, {"id": "2956", "inventory": 75}, {"id": "24983", "inventory": 8}, {"id": "10507293", "inventory": 23}, {"id": "191139", "inventory": 39}, {"id": "8196732", "inventory": 79}, {"id": "5861926", "inventory": 55}, {"id": "7936809", "inventory": 37}, {"id": "17983690", "inventory": 38}, {"id": "8685612", "inventory": 11}, {"id": "2536134", "inventory": 38}, {"id": "7869", "inventory": 29}, {"id": "45107", "inventory": 26}, {"id": "2836109", "inventory": 45}, {"id": "157076", "inventory": 32}, {"id": "6969", "inventory": 83}, {"id": "13125947", "inventory": 33}, {"id": "10816908", "inventory": 43}, {"id": "17267", "inventory": 64}, {"id": "19288043", "inventory": 65}, {"id": "368916", "inventory": 42}, {"id": "4325", "inventory": 45}, {"id": "108077", "inventory": 41}, {"id": "12499290", "inventory": 48}, {"id": "58922", "inventory": 100}, {"id": "6465707", "inventory": 48}, {"id": "18144124", "inventory": 71}, {"id": "161426", "inventory": 46}, {"id": "13414446", "inventory": 4}, {"id": "176839", "inventory": 53}, {"id": "415", "inventory": 72}, {"id": "1811543", "inventory": 75}, {"id": "83144", "inventory": 4}, {"id": "206962", "inventory": 28}, {"id": "17347389", "inventory": 85}, {"id": "7933617", "inventory": 49}, {"id": "113429", "inventory": 19}, {"id": "16303287", "inventory": 96}, {"id": "284440", "inventory": 68}, {"id": "77430", "inventory": 20}, {"id": "161887", "inventory": 24}, {"id": "81922", "inventory": 6}, {"id": "5168", "inventory": 28}, {"id": "7592279", "inventory": 9}, {"id": "15790842", "inventory": 99}, {"id": "9666812", "inventory": 62}, {"id": "13662", "inventory": 96}, {"id": "9442157", "inventory": 98}, {"id": "152380", "inventory": 41}, {"id": "551876", "inventory": 64}, {"id": "12262741", "inventory": 47}, {"id": "444304", "inventory": 57}, {"id": "16096824", "inventory": 75}, {"id": "11192642", "inventory": 86}, {"id": "786256", "inventory": 77}, {"id": "1078", "inventory": 61}, {"id": "12425532", "inventory": 42}, {"id": "77276", "inventory": 88}, {"id": "77270", "inventory": 15}, {"id": "1237398", "inventory": 23}, {"id": "8087906", "inventory": 25}, {"id": "7244", "inventory": 94}, {"id": "13353667", "inventory": 46}, {"id": "10766509", "inventory": 29}, {"id": "7243142", "inventory": 42}, {"id": "204042", "inventory": 30}, {"id": "7766027", "inventory": 98}, {"id": "13253276", "inventory": 23}, {"id": "21569527", "inventory": 11}, {"id": "42899", "inventory": 55}, {"id": "122125", "inventory": 55}, {"id": "12868761", "inventory": 4}, {"id": "12615008", "inventory": 68}, {"id": "17262159", "inventory": 83}, {"id": "17262155", "inventory": 63}, {"id": "121927", "inventory": 43}, {"id": "6468666", "inventory": 61}, {"id": "41967", "inventory": 100}, {"id": "168668", "inventory": 18}, {"id": "63720", "inventory": 66}, {"id": "7619292", "inventory": 5}, {"id": "9627755", "inventory": 70}, {"id": "816953", "inventory": 15}, {"id": "12959086", "inventory": 4}, {"id": "5479", "inventory": 81}, {"id": "13138635", "inventory": 24}, {"id": "7603", "inventory": 25}, {"id": "15724396", "inventory": 24}, {"id": "33507", "inventory": 68}, {"id": "7619057", "inventory": 5}, {"id": "8709528", "inventory": 54}, {"id": "20578940", "inventory": 78}, {"id": "5129", "inventory": 45}, {"id": "9822", "inventory": 98}, {"id": "4659", "inventory": 49}, {"id": "3758", "inventory": 37}, {"id": "25614492", "inventory": 92}, {"id": "3918010", "inventory": 13}, {"id": "9943270", "inventory": 41}, {"id": "32650", "inventory": 87}, {"id": "65641", "inventory": 73}, {"id": "22557272", "inventory": 69}, {"id": "133526", "inventory": 63}, {"id": "34497", "inventory": 39}, {"id": "12637490", "inventory": 21}, {"id": "11870085", "inventory": 93}, {"id": "266607", "inventory": 82}, {"id": "18775297", "inventory": 92}, {"id": "13614836", "inventory": 49}, {"id": "91244", "inventory": 38}, {"id": "540020", "inventory": 27}, {"id": "9284655", "inventory": 59}, {"id": "17288661", "inventory": 59}, {"id": "8428195", "inventory": 97}, {"id": "476543", "inventory": 97}, {"id": "89724", "inventory": 7}, {"id": "137791", "inventory": 99}, {"id": "21480930", "inventory": 39}, {"id": "18310944", "inventory": 28}, {"id": "18003300", "inventory": 80}, {"id": "21326", "inventory": 16}, {"id": "21329", "inventory": 84}, {"id": "6398634", "inventory": 60}, {"id": "407813", "inventory": 85}, {"id": "24612118", "inventory": 91}, {"id": "32234", "inventory": 28}, {"id": "18505796", "inventory": 82}, {"id": "40290", "inventory": 71}, {"id": "11588", "inventory": 87}, {"id": "21445", "inventory": 43}, {"id": "8058301", "inventory": 72}, {"id": "6584134", "inventory": 50}, {"id": "227865", "inventory": 55}, {"id": "100464", "inventory": 82}, {"id": "7745", "inventory": 73}, {"id": "6440", "inventory": 91}, {"id": "7747064", "inventory": 53}, {"id": "92517", "inventory": 22}, {"id": "285205", "inventory": 30}, {"id": "14241", "inventory": 59}, {"id": "7091713", "inventory": 29}, {"id": "33926", "inventory": 13}, {"id": "12432220", "inventory": 21}, {"id": "8874743", "inventory": 4}, {"id": "38709", "inventory": 26}, {"id": "47994", "inventory": 96}, {"id": "47990", "inventory": 29}, {"id": "32432", "inventory": 21}, {"id": "24812", "inventory": 5}, {"id": "2", "inventory": 3}, {"id": "7157310", "inventory": 37}, {"id": "235718", "inventory": 30}, {"id": "30071", "inventory": 90}, {"id": "61179", "inventory": 13}, {"id": "15745753", "inventory": 29}, {"id": "438492", "inventory": 98}, {"id": "25451555", "inventory": 50}, {"id": "264", "inventory": 5}, {"id": "3636", "inventory": 74}, {"id": "2334751", "inventory": 12}, {"id": "11254250", "inventory": 88}, {"id": "154798", "inventory": 15}, {"id": "297249", "inventory": 97}, {"id": "10798418", "inventory": 5}, {"id": "5098079", "inventory": 93}, {"id": "29946", "inventory": 5}, {"id": "13089710", "inventory": 25}, {"id": "89763", "inventory": 12}, {"id": "6801582", "inventory": 28}, {"id": "3722183", "inventory": 57}, {"id": "29056083", "inventory": 20}, {"id": "1238684", "inventory": 58}, {"id": "19288239", "inventory": 94}, {"id": "18225810", "inventory": 42}, {"id": "11918", "inventory": 26}, {"id": "6348045", "inventory": 88}, {"id": "561456", "inventory": 51}, {"id": "249747", "inventory": 15}, {"id": "20821614", "inventory": 1}, {"id": "2120932", "inventory": 72}, {"id": "9969571", "inventory": 27}, {"id": "320", "inventory": 24}, {"id": "77395", "inventory": 9}, {"id": "5527", "inventory": 40}, {"id": "22188", "inventory": 65}, {"id": "3754016", "inventory": 98}, {"id": "29844228", "inventory": 39}, {"id": "64218", "inventory": 50}, {"id": "26074181", "inventory": 98}, {"id": "714902", "inventory": 55}, {"id": "42432", "inventory": 18}, {"id": "297627", "inventory": 46}, {"id": "13451045", "inventory": 82}, {"id": "10790290", "inventory": 43}, {"id": "3977", "inventory": 6}, {"id": "21704", "inventory": 84}, {"id": "228560", "inventory": 14}, {"id": "2526", "inventory": 10}, {"id": "7201913", "inventory": 11}, {"id": "11012", "inventory": 42}, {"id": "18170039", "inventory": 61}, {"id": "152", "inventory": 94}, {"id": "7094569", "inventory": 99}, {"id": "29579", "inventory": 59}, {"id": "18692431", "inventory": 9}, {"id": "15575", "inventory": 40}, {"id": "7823678", "inventory": 98}, {"id": "460548", "inventory": 38}, {"id": "34", "inventory": 95}, {"id": "816870", "inventory": 25}, {"id": "752900", "inventory": 80}, {"id": "1325218", "inventory": 4}, {"id": "16172634", "inventory": 8}, {"id": "24178", "inventory": 22}, {"id": "93728", "inventory": 56}, {"id": "93729", "inventory": 64}, {"id": "10603", "inventory": 32}, {"id": "10605", "inventory": 27}, {"id": "32682", "inventory": 86}, {"id": "23955", "inventory": 54}, {"id": "17378508", "inventory": 45}, {"id": "13547180", "inventory": 63}, {"id": "154424", "inventory": 75}, {"id": "4978", "inventory": 23}, {"id": "7082", "inventory": 11}, {"id": "394535", "inventory": 58}, {"id": "7726143", "inventory": 52}, {"id": "17884042", "inventory": 79}, {"id": "53498", "inventory": 32}, {"id": "53496", "inventory": 68}, {"id": "4929705", "inventory": 46}, {"id": "13521", "inventory": 89}, {"id": "17728", "inventory": 62}, {"id": "201341", "inventory": 9}, {"id": "12700353", "inventory": 91}, {"id": "68783", "inventory": 62}, {"id": "179780", "inventory": 13}, {"id": "15795357", "inventory": 6}, {"id": "23346377", "inventory": 17}, {"id": "6", "inventory": 22}, {"id": "20299683", "inventory": 26}, {"id": "11573", "inventory": 91}, {"id": "6442769", "inventory": 30}, {"id": "13206828", "inventory": 45}, {"id": "68487", "inventory": 60}, {"id": "40200", "inventory": 68}, {"id": "7171637", "inventory": 57}, {"id": "17182126", "inventory": 16}, {"id": "77163", "inventory": 93}, {"id": "498389", "inventory": 49}, {"id": "18943", "inventory": 89}, {"id": "16735", "inventory": 67}, {"id": "37449", "inventory": 93}, {"id": "5297", "inventory": 37}, {"id": "19358975", "inventory": 61}, {"id": "4264", "inventory": 96}, {"id": "41424", "inventory": 25}, {"id": "31463", "inventory": 93}, {"id": "34504", "inventory": 15}, {"id": "17465515", "inventory": 75}, {"id": "9794437", "inventory": 22}, {"id": "2914097", "inventory": 51}, {"id": "162719", "inventory": 17}, {"id": "500743", "inventory": 28}, {"id": "194373", "inventory": 21}, {"id": "268604", "inventory": 39}, {"id": "24770", "inventory": 20}, {"id": "764347", "inventory": 86}, {"id": "1840511", "inventory": 86}, {"id": "43035", "inventory": 62}, {"id": "22896", "inventory": 78}, {"id": "231604", "inventory": 78}, {"id": "153784", "inventory": 94}, {"id": "10", "inventory": 54}, {"id": "9465845", "inventory": 96}, {"id": "24784", "inventory": 95}, {"id": "24780", "inventory": 62}, {"id": "11381643", "inventory": 97}, {"id": "11991", "inventory": 61}, {"id": "370493", "inventory": 71}, {"id": "40395", "inventory": 27}, {"id": "5452", "inventory": 78}, {"id": "2921082", "inventory": 1}, {"id": "112803", "inventory": 94}, {"id": "113304", "inventory": 37}]}